review_text,polarity,sentiment,keywords,stars,business_name,latitude,longitude
I stopped here because it was by the hotel I was staying in. The guys working at the shop were super nice and friendly. I really like the buy one get one deal they do. I also ordered some hot wings and they were pretty good. They had a ton of sauce on them which is awesome. Next time I come back to town I will be sure to stop here for some more pizza!,positive,delighted,"friendly staff, buy one get one deal, hot wings",5.0,Just Pizza,39.7881543,-86.2116976
This place is fantastic. The food is exceptional and the service couldn't be better. Very nice and generous people with a cool atmosphere. I eat here almost every weekend. Can't beat the Cuban espresso!,positive,delighted,"food, service, atmosphere, Cuban espresso",5.0,The Cuban Sandwich Shop,39.906797,-86.2182121
"This is for the University (Faculty) Club's dining room, open mainly to members who are part of IUPUI's faculty and staff.  Menu here:  https://universityclub.iupui.edu/Reservations/Weekly-Menu  Excellent service; my sponsor took me and other staff visiting the school this summer, for a buffet lunch.  The waitstaff were prompt in filling our waters and inquiring about more plates, and also served us whenever we requested (we asked that 2 portions of the red velvet cake be split 3 ways, and the result was prompt and precise, with extra small plates).  She was cheery and interacted with us professionally, even if this wasn't (I don't think) a private sector job driven by Yelp reviews and employee performance surveys.  The menu itself feels as if it's trying to demonstrate global culinary awareness on a very limited budget.  A couple of salad-y items including cornbread salad, a lively green (spinach) salad, and 2 other choices, plus various dressings that did not come out of a generic commercial bottle.  A couple of starches then proteins including a savory-sweet tofu entry--it was like the spicy peanut butter tofu I make at home, but more breaded and gunky and thus less spicy; a ""kalbi"" meat thing which was sweet and savory, soy sauce style, and kinda clumpy, but tried to hit the Korean flavor profile; and a couple of other animal meat options (uh, fish?).  Some inventiveness for trying to do something for foodies in this very countrified and simultaneously urban environment, I guess.  Culinary diversity efforts are always appreciated, even if the textures were not excellent.  My guess is they're operating with limited funding and staff, but there's some smart guy or gal doing the menu design, trying to figure how to make this stuff onthe line in a way that doesn't taste mass produced, but that also doesn't violate their financial dictates.  The food was tasty, not old, and satisfying without being too sweet, oily, or salty.  Pretty good job, all said.",positive,content,"service, menu, culinary diversity",4.0,Indiana University-Purdue University Indianapolis,39.7749394069,-86.1766033294
"2 solid putt putt courses. Probably the best ticket prizes this side of the Appalachian mountains as well. Go Kart track isn't to shab either. The arcade games are pretty solid, but often are being repaired. Like most arcades in the land, Great Times could use a fresh coat of paint. But WHO GIVES A RIP! Support a solid arcade and  potentially meet a super cool mega babe who wants to play Tekken or House of the Dead with you until closing time over a tasty Coca A Cola Icee. Just saying.",positive,content,"putt putt courses, arcade games, Go Kart track",4.0,Greatimes Family Fun Park,39.7056588,-86.0739306
Great bar that has above average pub food. Friendly staff. Fair pricing. Lots more tv's added! I always stop in when I come into town!,positive,content,"pub food, friendly staff, fair pricing",5.0,Dugout Bar,39.7582445,-86.1464579
These place is so fun!  The food is excellent!  The drinks are good too!  Never had bad service here,positive,delighted,"food, drinks, service",5.0,Tomo Japanese Steakhouse and Sushi Bar,39.8887246,-86.1212129
"I had been stalking food trucks for some time, when I finally landed somewhere that had five all together. Most were selling sample size items for a small prize. At WCTT, you got three tacos for the same prize. Loved, loved, loved them! Served on corn tortillas with meat perfectly cooked, you couldn't ask for more! And friendly service, to boot. If you see this truck in your area, high tail it over there!",positive,delighted,"tacos, friendly service, food truck",5.0,West Coast Taco Truck,39.869476,-86.1436545
Best breakfast place in Indy hands down. Have had consistent great service and consistently great food. I always bring my out of town friends here and everyone loves it. Yes there can be a wait but it's worth it. Love that it's in an old house with creaks in the floor and all. One of the owners (I think I've only met one of the owners) is the sweetest and happiest woman.,positive,delighted,"breakfast, service, food, owners",5.0,3 Sisters Café,39.8690303,-86.1427806
Went here 08/25/2017.  Over all rating is just OK.  Fries are on the sandwiches but they were cold and old.  Beer selection is mostly local type and server did not know much about any of them.  Food was underwhelming as was the entire experience.  Location is convenient but we dined outside and had two different people come to table and ask us for money when they were walking by the outside dining area.,negative,disappointed,"fries, beer selection, location",2.0,Primanti Bros - Indianapolis,39.7655226364,-86.1597495695
"Our group very much enjoyed our meal. Our whole family got together as a group and went there and everyone liked their food. I got the Smokey Pit Beef sandwich and my wife got the Chicken Panini. Both were very good!  They are only open for breakfast and lunch, and aren't open for dinner.  We'll definitely be back! If you are looking for a good place to have a business lunch downtown, this would be a good place to go too!",positive,delighted,"meal, family, business lunch",4.0,fat Rooster diner,39.7663982,-86.1607893
"Great little reward for a great end of the week. Only problem is seating. No outside seating because it's cold outside, but the tasty treats make up for that. The southern carmel cake is my favorite.",positive,content,"seating, tasty treats, southern carmel cake",5.0,The Cake Bake Shop by Gwendolyn Rogers-Broad Ripple Village,39.8739995,-86.1444306
"I came in to the store to get a prescription for contacts.  The exam was quick and painless, and I didn't have to wait at all (I had an appointment).  The staff are friendly, knowledgeable, and they don't try to 'sell you' like some other places.  They provided me with multiple contact lens brands to try, and they were helpful in finding the right contacts for my eyes.",positive,content,"exam, staff, contacts",4.0,Dr. Tavel Family Eye Care,39.9123205,-86.2214165
"Finally made it down for brunch today, and loved everything.  Great service, great mimosas.  Food was amazing.  We ordered the loaded biscuits and gravy, sweet potato hash, and 'chicken' & waffles.   So delicious.  Would LOVE to see a kids' menu at brunch.  The regular portion is a bit too much food, and a little pricy, for our 6yr old. But it tasted good, so we helped eat his meal. :)   Will absolutely be back. Try the noochy grits and the braised kale!  Yum!",positive,delighted,"brunch, service, food, mimosas",4.0,Three Carrots Fountain Square,39.754538566,-86.1421421452
"Went to try the Chocolate Chip Pancakes, and they did not disappoint.  This place has figured out pancake batter. I have never had a pancake with better texture and flavor.  Can't wait to return!!",positive,delighted,"Chocolate Chip Pancakes, pancake batter, texture and flavor",4.0,The Original Pancake House,39.913044,-86.186082
"Great restaurant, and creative menu. We also love La Mulita next door, which shares the same kitchen. The only downside is that they do not take reservations, so it can be a bit of a gamble on a weekend. You also need your whole party to sit, so if you have a late friend, you could be stuck for a bit.",positive,content,"creative menu, no reservations, waiting time",4.0,Delicia,39.847406,-86.1451809
"I have stayed here several times for conferences and always enjoyed my experience. The building itself is very sleek and conveniently located. Access to the skywalk is a huge plus during cold winter stays. Service is friendly and the rooms are comfortable and clean. Great amenities. The exercise room is excellent and well-equipped with plenty of machines, a yoga area, and a pool and hot tub. My only problem is that rooms do not come with a mini fridge, and although one can be requested, during my large conference stays I was not able to get one. Definitely a drawback when you are staying several days!",positive,content,"location, service, amenities, mini fridge",5.0,JW Marriott Indianapolis,39.7663443,-86.1683755117
"Well I read the other reviews and I have to disagree, I found the store delightful and a welcome change from typical Goodwill. I talked to the young ladies working and said what a pleasant experience it was shopping there. They told me the items offered are taken from overstock that would typically be warehoused. They do not pull from existing merchandise at GWs but from items that would be warehoused because there is no room for them in the GW store. So for those who still wish to treasure hunt at GW this does not preempt that thrill.  For me, though, I liked that the items were somewhat more selective than a typical GW. I found three shirts which on any given day I would look at 3 different GWs around town and not find one. My total cost on them was $19.25. An Old Navy, Lee Rider and Tommy Bahama ($10 of the $19). For me it was more akin to consignment shopping and priced accordingly.   I definitely think it's worth a look on any given day. The store is very nice and it's a more pleasant shopping experience than most consignment shops.",positive,delighted,"shopping experience, selective items, reasonable pricing",4.0,Vintage Vogue by GW,39.8682676313,-86.1232091553
"Went here for the great food I had experienced before.  After HORRIBLE service, flagging down the waitresses, & being told they were out of all drinks except alcohol & water, my friends and I left leaving cash at the table to cover our tabs but did not tip. The staff proceeded to call my boyfriend a nigger & follow my friend outside threatening to call the cops.  I was disappointed in the wait staff but their intolerance & bigotry will definitely prevent me from ever going back.",negative,frustrated,"service, intolerance, bigotry",1.0,Sushi Bar,39.8694324,-86.1425102
"My wife and her friends returned to try this place again and her report is that it's worse than before.  The staff is a bunch of inexperienced kids for whom this must be their first job, the food is still crappy (but not microwaved, the owner will tell you that), and the bathrooms and tables are still dirty.  What can you expect from a place that got dinged by the board of health for cooking with camp stoves?  Save your money, the place isn't learning from their mistakes.",negative,frustrated,"staff, food, cleanliness",1.0,Romanza Of The Vine,39.70565,-86.0109981
AWESOME experience at this funky joint.   Server was super friendly and had the bartender make us off-menu drinks.  Mixologist was on point.  Food? HELL YES. Black bean burger (hold the bun) with chips and salsa-- divine!,positive,delighted,"service, drinks, food",5.0,Revolucion,39.7524474,-86.1386729
"Excellent food and excellent service!  My new favorite breakfast place. I loved the biscuits and gravy, extra crispy bacon, sausage links and challah French toast!",positive,delighted,"food, service, breakfast, biscuits and gravy, French toast",5.0,Yolk Iron Works,39.912061,-86.116656
"When I first  heard a family member suggest going to this restaurant and describe it as a breakfast and a Mexican restaurant in one I was certain that it would be awful. I couldn't have been more wrong. The menu was huge and full of tons of options. Being a vegetarian I am always worried when going to a new restaurant but here you do not have to worry. They have vegetarian options that aren't normal available in authentic Mexican restaurant.  The portion size vs the price was reasonable. My aunt and I were able to take home left overs for a $8 meal, which is always a plus.    The service was fantastic even though there was only one cook and one waiter. She was very friendly and took her time when we asked questions about the menu. We also came there with a 1.5 year old and asked for specialty item (cup of fruit) and they were more than happy to make it for us without the usual  'sorry we don't offer that and I could probably get the cook to make that for you but I don't really care enough' look.",positive,delighted,"vegetarian options, portion size, service",4.0,Biscuits Cafe,39.8687947,-86.1407129
"I requested service because my gas oven heating was unreliable: sometimes, when turned on, it would heat as expected; other times it would not heat and I would smell natural gas odor. I was delighted, from the beginning of the process to the end: the person who answered my phone call on Monday and scheduled my appointment was friendly and helpful; appointment was scheduled for Wednesday, which was earlier than appointments offered to me by other appliance repair services that I had called; communication from company - by phone, email, and text - was well-timed and clear; repair technician was on-time and personable; he diagnosed the problem and fixed it efficiently (he had, based on the description that I had given when requesting the appointment, anticipated the cause and brought with him the required replacement component, an igniter); the company waived the service call charge - I paid for the repair (parts and labor) only.",positive,delighted,"service, appointment, repair technician, communication",5.0,Mr. Appliance of Indianapolis,39.7570763,-86.0541155
Yup everything they say it is. So good. Great service. Amazing food. It can be affordable but when you go there go all out. It's worth it!,positive,delighted,"service, food, affordable",5.0,Harry & Izzy's,39.7645705993,-86.1596685387
It's a place to go if your hungry and have a big appetite burgers are good and come out quick there onion straws are to die for with the sauce  the service was on top of things right away (thanks zack!!)   made us feel welcomed and was that way to everybody even helped other servers when he probably didn't have to!  Would recommend this place to others in a heart beat. However we came to early to hear the live music but was outside with a great breeze.  Can't ask for much more,positive,delighted,"burgers, service, onion straws",4.0,Cheeseburger in Paradise,39.664583,-86.089236
"All things get better with time!  I have come here off an on since they started the business.    If your new - sampler for 2 - 2nd option best way to get a variety and taste the food.    If slow they have a great coffee ceremony. TEA is very tasty too!  Honey wine is good too but I have not had it at this location.  If your looking to share or take some home I suggest these tasty additions:   KITFO - a sirloin ground typically eaten rare but you can (and I do) ask for it med or med well.   SHIRO - num num num  All the meat dishes are fantastic in my experience so if your looking at another meat option explore, they do meat well at this place!    I order sample for two plus all the sided dishes listed for 4 people - we ate most of it.    Caution to those who are not spicy food fans - to me this place is VERY tame in the spicy department but I have heard others who cannot handle a mouth full of flamey goodness to exclaim, this is a little spicy.",positive,delighted,"food, coffee ceremony, meat dishes",5.0,Abyssinia Ethiopian Restaurant,39.824978,-86.253415
Joe's is the place for great seafood! Service was fast and friendly! Clam chowder was great and of course the crab is always amazing! Eat at Joe's!! Love this place!,positive,delighted,"seafood, service, clam chowder, crab",5.0,Joe's Crab Shack,39.661742,-86.143827
Came for Valentine's Day! Received amazing service from our waitress she gave amazing suggestions. I ordered a pork chop and it was delicious. The flemmings potatoes have become my favorite side and the Thai green beans were great as well. Great environment welcoming staff and i will surely be coming back for more!,positive,delighted,"service, pork chop, environment",5.0,Fleming's Prime Steakhouse & Wine Bar - Indianapolis,39.9098017418,-86.1061134961
"I am sort of a simple man, so I had never been to a liquor bar before. I have been to The Libertine twice and had a good experience both times. They use fresh ingredients all the way down to the crushed ice, which they crush with a mallet right at the bar.   The biggest problem I ran into was figuring out which restroom was the men's. You have to look at the hair on the dimly lit pictures that indicate which is which, all the faces look the same.",positive,content,"fresh ingredients, crushed ice, restroom",4.0,The Libertine Liquor Bar,39.7672488945,-86.1567753553
"Why am I just now trying this place? (Answer: because I typically wait til I'm hangry and opt to frequent someplace known to quickly satiate my hunger.) The cocktails really impressed me. I had a fancy margarita. Sounds simple and dumb- nope, delicious and different. (I can't think of the name; you would've been more impressed.) While there weren't any vegetarian options listed the waitress let me know they could make almost anything meatless. Score! I truly enjoyed my dinner of corn cakes & veggies annnnd the guacamole we had as an app. The tres leches cake was fantastic as well. Ambiance was nice & I'd totally recommend this to someone looking for a date night location. We'll absolutely return. Edit: we tried their brunch! Like some folks have mentioned, it's not super busy. Totally a win because I hate waiting forever and a day when I'm most likely famished and hung over. My sister and I split the breakfast tacos & the veggie omelet. The tacos were amazing! I wish they offered these a la carte. (I'd just have four of them plus a cocktail.) Each dish came with breakfast potatoes. I love potatoes. Looooove. While the seasoning was really delicious, they weren't all the way cooked through and had that raw taste still. Bummer. They gave us a flan as apology and it was killer. (I still would've rather had cooked potatoes but seriously classy save, Delicia.) I'll return. Next time I'll skip the omelet and potatoes for tacos and fruit if they'll sub it. A solid place to recover on Sunday early afternoons though.",positive,content,"cocktails, vegetarian options, ambiance",4.0,Delicia,39.847406,-86.1451809
"Awesome service (ask for Amanda, resident comedian); very friendly staff.  Food was really good and beer was cold.",positive,delighted,"service, staff, food, beer",5.0,Stacked Pickle - 96th Street,39.9254897722,-86.0890453372
I come to Indy every year for business and this place is great.food was delicious and this is st Elmo's sister rest. St Elmo's shrimps cóctel is great.make sure you make a reservation .I recommend.,positive,delighted,"food, reservation, St Elmo's",5.0,Harry & Izzy's,39.7645705993,-86.1596685387
"Stopped in on a Monday around 7pm and the place was pretty full.  The bartender was friendly and attentive.  The bar seemed well stocked, not a drinker so take that as you will.  Now the food...THE FOOD was fantastic!  I ordered the Pear Gorgonzola Melt.  How they fit all that amazingness on one plate is impressive.  The clientele is all ages and backgrounds, which is great.  Nutshell:  Definitely check this place out for a good sandwich at a good price (~$10) and to catch up on the footy games.",positive,delighted,"food, bartender, price",5.0,Chatham Tap Mass. Ave.,39.7766084,-86.1463714
"Swung by for the first time today for lunch. I've heard great things about this place from numerous people and it exceeded my expectations. It is an inviting restaurant upon arrival, really cool place to look around in as your waiting for a pick up or a seat. The cashier was very welcoming and asked me if it was my first visit. After yes he offered samples of anything on the menu and recommended the most popular dishes. I was informed that almost all the dishes were similar to a stew or soup served over rice. My order was the drunk chicken with a vegetarian option for only 7.50! I was very surprised with the affordability of a full plate. Since I ordered to go I received my food in a simple styrofoam clam shell container. The presentation was pretty lackluster, but food doesn't need a fancy container or complicated presentation to be delicious, that's exactly what this was! This was some of the best food I've stumbled upon in Indianapolis. The drunken chicken was so flavorful with just just a tad of spice. Vegetables were sweet and tender, for vegetarians is a terrific option. Great size portions for the price. Five stars for service and delicious food I will definitely be coming back!",positive,delighted,"service, food quality, affordability",5.0,Yats,39.8506443,-86.1455439
We love the Alexander and have stayed here 2 times in the last few months.  It's a very hip and comfortable hotel with great facilities and a nice staff.,positive,delighted,"hip, comfortable, facilities, staff",4.0,The Alexander,39.7618102,-86.1536343
Love the food- wait staff is attentive to allergies and very accommodating. The drink pours are paltry at best. The bourbon tasted watered down...disappointing aspect to the dining experience.,neutral,disappointed,"food, wait staff, drink pours, bourbon",3.0,Delicia,39.847406,-86.1451809
"Note: This is not a fast food place. Expect to wait about 15-20mins for a sandwich & fries. I had the turkey with avocado, etc & it was ok. Could have used more aioli, so it was a little dry since the bread is thick. The fries are the size of McDonald's & are garlicky. Wolfgang is a better choice health wise. However, was it worth the $11.99 + tax, not in my opinion but it is the airport. Idk what other places are around, but I'll explore more the next time.",neutral,indifferent,"waiting time, sandwich, price",3.0,Wolfgang Puck Express,39.7166926914,-86.2978263572
"Love the tap room, but I can't seem to get the hours of business right.  My first visit was a kinda a let down.  I had heard that bier was the place to go for great beers in Indianapolis, but I only found 2 that I liked and only 1 was memorable.  However, bier rotates their taps weekly and does not seem to have any regular taps, I like this because it means that they are constantly challenging themselves to create a better beer.   The tap room is a lot of fun too with people constantly revolving around the taps to taste and find their favorite for the week and then relaxing and talking in the lounge area.  I only gave them 3stars this time but I look forward to improving their score after future visits.",neutral,content,"tap room, beer selection, rotating taps",3.0,Bier Brewery and Tap Room,39.8755319,-86.0828565
"Cutest little local gift shop in the city! Great jewelry, unique house trinkets, funny gag gifts, quirky cards... you name it, this place has it, and it's all freakin adorable. I especially love the Indiana ""317"" items. I brunch next door at Hoaglin's quite frequently, and I love wandering over to Silver in the City while I wait for a table. I usually end up with a fun present for myself. Also a great place to find housewarming gifts or stocking stuffers.  My only reservation here is that some of the items in this store are ridic expensive. I don't mind paying somewhat of a premium for handmade, local goods. No biggie. But $40 for a hipster baby onesie? $25 for an ironic keychain? Not everything is absurdly overpriced, but I'm definitely careful what I buy here. If I can buy it online for literally half the price, it's game over.",positive,content,"gift shop, jewelry, overpriced",4.0,Silver In the City,39.7733855,-86.1517062
"They lose a star for having TWO STORES on essentially the same road...one on the far northeast side and one on the far northwest side. Really, Trader Joe? Your stores are all over the place in other cities, like Chicago, DC, San Francisco......but southside Indy gets ZERO...downtown Indy NONE. That's not cool, Joe. Not cool at all.   However, the employees are pretty useful and cool (and sometimes even funny). The food is affordable. I like that it doesn't take me 15 minutes to get through the store because it's petite. LOVE the products. Once I got a spoiled piece of salmon, and they cheerfully refunded me and I didn't have to bring back the gross fish. I like the free samples (last night I had a bite of pumpkin pie). LOVE that I can have a cheese party without going broke. Their low-budget beers and wines are fantastic for cooking and fairly passable for drinking if you need to buy in bulk and your friends aren't super snobby about booze.   Kefir, non-dairy milks, organic products, cheese are generally much cheaper here than at other grocery chains or gourmet stores. Their frozen foods are very good and the MorningStar Farms sausage links' everyday price is equivalent to the super sale price at other grocery stores.   I am particularly fond of the somewhat-strange party snacks, although they are much pricier than at Saraga.   Trader Joe's is a great place to find food to ""cheat"" with if you're not much of a cook or are pressed for time. For example, you can buy an already-seasoned tri-tip to use for your steak fajitas. You can find pre-marinated chicken to put on the grill. They also sell many pre-cooked foods that you just have to microwave...if you can't cook at all.   In conclusion, start writing letters, people! We need a downtown Trader Joe's! It isn't fair that so many of us (including students, who want nothing more than to eat healthy) have to drive 30 minutes each way to get groceries!",positive,frustrated,"location, employees, affordable food",4.0,Trader Joe's,39.9037062,-86.0751813
"One of my favorite places ever, to grab a bite to eat. Small plates are the theme here.. But that does NOT mean you have to share ;) Their short rib panini's are to DIE for.. Not to mention that complimentary black truffle popcorn  Atmosphere is laid back, modern, and comfortable. Making it ideal for a lunch, dinner, or business date.  Staff is knowledgeable, personable, friendly and professional.   With a bright-innovative bar, complete with unique cocktail concoctions.. They have just about anything to accommodate the pickiest of palettes.. This is by far, one of my top 5's in Indy  very reasonably priced, you get a lot for what u pay for.. Esthetically pleasing, and full of flavor, check this place out, you won't regret it :)",positive,delighted,"short rib panini, black truffle popcorn, atmosphere, staff, reasonably priced",5.0,Plat 99,39.761769,-86.154336
"From the very beginning the hostess was also working as the cashier so we weren't even welcomed when we came in. We had to ask the hostess for a table and we're made to wait for no good reason. The server was pretty much non existent and was very unfriendly she didn't even introduce herself or stop by the table (let alone ask us how our food was). I order the biscuits and gravy and a side of eggs. My food was cold when it came out and wasn't even that good. And on top of it all the food is way overpriced ($30 for French toast, biscuits and gravy, and 2 sides? NO THANKS). Don't even bother wasting your time or money here. Overall terrible, definitely never coming back.",negative,frustrated,"service, food quality, pricing",1.0,The Original Pancake House,39.913044,-86.186082
BrightNow Dental was an ok dentist until I made an appointment & went in that morning at my scheduled time just to be turned away because I missed an appointment a few months before. Which was because of family emergencies. I even called & left messages on their answering machines to reschedule & they never called me back. So my tooth started hurting really bad & I made an appointment. Went in & the dentist turned me away with an excruciating hurting tooth just bcuz I missed an appointment a few months before. I've never been turned away from a doctor or dentist before. I found it to be very unprofessional from the dentist standpoint because he didn't even talk to me. The assistant did. I will never go back & I will not recommend this dentist to anyone.,negative,frustrated,"appointment, unprofessional, tooth pain",1.0,Bright Now! Dental & Orthodontics,39.854735,-86.085087
"Applebee's isn't really my thing, but I had a gift card, so we stopped in. It was actually pretty good. My wife's portabella chicken was very tasty and perfectly cooked. My bourbon street steak was also cooked nicely, but it did have that weird Applebee's steak texture. The pretzel sticks were a really good appetizer, though. Ceasar salads were fresh and good. Not too shabby, Applebee's!",positive,content,"portabella chicken, bourbon street steak, pretzel sticks, Ceasar salads",3.0,Applebee's Grill + Bar,39.905844,-86.062016
"The beer is good!! They have tables to sit. They have board games to play. It was fun to just sit and have a few drinks. My wife is pregnant and she can't drink(the only reason she beat me in trivia Pursuit). They have popcorn you can buy there(cheddar and cheddar and Carmel mix). You can earn rewards for visiting there. I paid with a card and everything was easy and receipt was sent to my phone.   Food***You can order from cluster truck they deliver to the parking lot. 1st time ordering you get 10% off Cluster truck has a ton of food options. And the food is Fantastic. You order from an app and they accept Apple Pay too. The reason I focus on the food is because good beer is good beer, but having food too is rare. They also have a stage area for small concerts. I will go back!! Oh and the bathroom has to be one of the cleanest public bathrooms I've used.(just saying)",positive,delighted,"beer, food, cleanliness",5.0,Indiana City Brewing,39.7659626275,-86.1411079553
"Food is very good, lovely interior......but...without question among THE most indifferent service I have experienced, from the hostess to the person handling my carry out order.  In order to get to this establishment, I have to walk by or near Flatwater with excellent and healthy food prepared by fun and caring people, served by people who show enormous amounts of enthusiasm and gratitude for my business....and the same is true for Patachou....Bazbeaux.... Geek...  Do these folks understand I, and others, have choices ?  I don't get why people can't smile and act as if my business is appreciated ???",negative,frustrated,"service, food, choices",3.0,Chiang Mai Thai Noodle,39.8703889,-86.1442602
"I've been a regular at Henry's for the past couple of years. This fabulous local spot has great, affordable bottomless cups of coffee and a wide selection of delicious sandwiches and salads. I had the BLT bagel for lunch today and it changed my life. Lots of crispy bacon, fresh tomato, and a yummy avocado aioli spread served with a side of fresh strawberries -- a perfect summer lunch.   Henry's has a great atmosphere and is friendly to work-at-homers like me who need to get out of the house occasionally. You'll see a mix of people on laptops plus locals hanging out or having meetings. Friendly and spunky staff will remember your order and serve it up with a smile (or some good-natured ribbing).  Don't miss Henry's on East!",positive,delighted,"coffee, sandwiches, atmosphere, staff",5.0,Henry's Coffee Bistro,39.7761739986,-86.1485838355
"First off, I love a good traditional Cuban sandwich, and Taste of Havana delivers.  Strong cuban, if maybe a wee bit dry.  It might be just a bit too big -- you'll be satisfied with the mini and a bag of plantain chips.  Next time, I'm going to try the chorizo.  Spanish chorizo is terrific, and the extra fat in the meat may help with the moist quotient.  Still, great shop, very cool owners, and well worth the trip to Broad Ripple!",positive,content,"Cuban sandwich, Taste of Havana, Broad Ripple",4.0,The Cuban Sandwich Shop,39.906797,-86.2182121
"I cannot say enough about the accommodations at the JW. I was working a trade show in the Grand Ballroom today and needed to pump as I am a new mom. Nathan was so quick to help as I was searching for a location that I could use. He opened up a boardroom for me to use and locked it behind me so I would not be disturbed. I know there was at least one other mom that was accommodated at the same time I was. All of the facilities, as well as the boardroom, were impeccably clean. I am so grateful for how kind and wonderful the staff was. Big kudos to the JW and the staff for making such awesome arrangements to support working moms- totally made my day!",positive,delighted,"accommodations, cleanliness, staff, working moms",5.0,JW Marriott Indianapolis,39.7663443,-86.1683755117
"I ordered the 1st day they were open from grubhub for carryout. They accepted my order and said it was ready before I walked in. I walked into the restaurant and not only was my order not ready, but everyone who ordered at the counter getting their meal before mine, and they were getting it for half price.   I watched 9 people come in, order, and get their food before me, but pay half what I did because I ordered online. I sat there for 45 minutes despite the fact that I ordered ahead of everyone else there, paid double what they did for their food, and was confirmed that the order was ready.  I was apologized to frequently for the wait, but at no point was I offered any explanation as to why I waited 9 times longer than those ordering at the counter, or why they told grubhub it was ready, or why it was charged at twice the price as at the counter (delivered I would understand, but I picked it up).   I live a block and a half away (315 N Senate). I had hoped it would be a place that I could carry out from often, but I was thoroughly disappointed. All said, the food was OK, but the experience was absolutely horrible. Due to that experience I would recommend either Bento Asian (mostly Japanese, $2.50 delivery) or the China King at 148 N Deleware (free delivery) for Asian delivery or carry-out. DO NOT ORDER HERE FROM GRUBHUB OR ANY OTHER CARYOUT/DELIVERY APP/SITE.",negative,frustrated,"Grubhub, waiting time, pricing",1.0,Asian Harbor,39.7741395235,-86.161667034
First time diner and I will definitely be back.  The food was awesome.  Best fried cheese and wings I've had in a while.  Shelby was our server.  She did a great job.  I'm looking forward to coming back next week.  I can't believe on Thursday tall PBR drafts are 2.50.,positive,delighted,"food, server, specials",5.0,Twin Peaks,39.9062952,-86.0474634
"If good beer is what you seek, look no further! Bier has got it going on and proudly has all their accolades displayed on the wall as they should. The Belgian dubbel won second at a world beer festival (excuse me for not remembering the official name), so you know it's legit when they make it better than most Belgians do.  The staff is SO friendly and willing to answer any and all questions about the beers, brewing process and their business. It's family owned and they brew 150 different beers a year. Every week the tap list rotates and it'll never be the same twice.   They have trivia, live music, euchre tournament, and other events throughout the week, and unfortunately I didn't get to sample the food truck when I was there but I've heard it's great. If you're in Indy Bier is not to be missed!",positive,delighted,"beer, staff, events",5.0,Bier Brewery and Tap Room,39.8755319,-86.0828565
Excellent price for sushi and I love their specialties sushi menu. Snow mountain and Volcano sushi are remarkable sushi!,positive,delighted,"sushi, price, specialties menu",5.0,Tomo Japanese Steakhouse and Sushi Bar,39.8887246,-86.1212129
"The JW Marriott in downtown Indianapolis is absolutely beautiful with some of the best views of the city. The hotel has anything you could ask for from restaurants to the High Velocity Sports Bar to Starbucks. A few friends and I stayed here for a Bachelorette Party and its location in the city made it easy to walk to and from dinner without having to go outside in the snowy weather we had and is pretty centrally located. Although the room was not quite ready at 3:00PM when we checked and there was no fridge in the room, these were minor things compared to the excellence of this hotel. The staff was extremely helpful and made sure to assist their guests with any inquiries. The rooms were beautiful with comfortable beds and large bathrooms. I would definitely recommend this hotel not only for its amazing view of Indy, but for the excellent service they offer to all of their guests.",positive,delighted,"view, location, service, rooms",5.0,JW Marriott Indianapolis,39.7663443,-86.1683755117
"New Day Meadery has delicious mead infused with different flavors, including coffee! I have been there a couple times and really enjoy the flights (and they are incredibly inexpensive too). I didn't have a great experience the last time I went there, as there were only 4 drinks on tap rather than the large array of drinks. They weren't my favorite drinks either. Hopefully next time I go back they will be fully stocked!",positive,content,"mead, flights, drinks on tap",4.0,New Day Craft,39.782987062,-86.1350676433
"They have great prices if you order family style. We tried the pot roast and it was just as good carry out as it would have been at the restaurant. They packaged everything nicely and it stayed warm after the 30 min car ride. There was definitely enough for a family of 4. The green beans were amazing! I would definitely recommend. It's nothing special, just a good family restaurant",positive,content,"pot roast, family style, green beans",4.0,Bob Evans,39.9265503193,-86.0354844434
"I will start by saying I have a 3 year old and a 10 month old.  We bought a membership so we wouldn't have to stay forever.  As a teacher, I can only visit in school breaks and weekends.  During those times it gets PACKED very quick.  We usually get there when it opens and play for a few hours and go home for lunch.  The food isn't bad, pizza is pretty good.  We love playscape.  It's a great place where both of my kids can play.  If you plan to visit more than once, do a membership.",positive,content,"membership, playscape, crowded",3.0,The Children's Museum of Indianapolis,39.8102278,-86.1588807
"Cute little shop with fun decor, but don't miss the GREAT cupcakes!! Had good and very friendly service and will be back... though no often due to being a little pricy!",positive,content,"cupcakes, service, price",4.0,The Flying Cupcake ,39.773016,-86.1514677
"Silver in the City has some really nice jewelry.  They also have a lot of fun trinkets that would make good gifts--things like Better-Than-A-Boyfriend soap, snarky fridge magnets, and bacon flavored gum.  They also sell some locally made goods, such as purses made from the roof of the old RCA dome.  Somewhat surprisingly, they sell furniture as well.  The location is nice, right next to Starbucks on Mass Ave.  The reason I give it 3 stars is that it seems really overpriced.  I'm not a jewelry expert, so I can't comment on those prices.  They may be quite legitimate.  A lot of the jewelry is really beautiful, and made by artists.  But all of the gifty items cost at least twice what I would have expected.  There may be a reason for this that I'm not aware of--I do know that some items are printed on recycled paper and reused materials.  I respect that.  But other items really seem unreasonable, like the $8 bar of soap or the $20 bento box.  As someone who has to live on a budget, this is a bit of a turn off.  But the place was full of people on a Sunday morning, so maybe I'm just getting old and cranky.  It is obviously a very popular store in Indianapolis.  To each their own, I guess!",neutral,disappointed,"jewelry, overpriced, gifts, location",3.0,Silver In the City,39.7733855,-86.1517062
"Let me be the first to say this place is no better than the crappy reviews for the previous Radisaon Hotel that occupied this spot. Service: slow, crappy. Bathrooms: I found it amusing they went to the trouble to decoratively fold the toilet paper like a flag at Arlington, when they didn't even stock soap (had to go to front desk for that). We thought Theresa sucked, then realized it's because they were sleep number beds that you could not inflate. Front desk lady didn't even understand that there was no apparatus to inflate it. When the maintenance guy came-with hands so dirty, looked like he just crawled out of a messy turbine- he had to handle the sheets to access the air plug with the one inflating machine. Evidently, he didn't get one of the mattresses plugged back up, because it slowly deflated over night. What an absolute crap hole. We had seen online that it was recently renovated- hahaha. Maybe they have just started, but, I don't think so.  They need to replace the mattresses or get the adjusters for the sleep number back. Just to be at a base level. Never again for this gal!",negative,frustrated,"service, bathrooms, mattresses",1.0,Clarion Hotel Airport,39.728527,-86.270892
