listing_id,review_id,date,review_text,overall_impression,decision_tags,location_opinion,location_comment,facility_opinion,facility_comment,host_opinion,host_comment
858590791586915213,1359897611805031041,2025-02-19,"Great stay, good location. Convenient",positive,"good location, convenient, great stay",positive,Good and convenient location,neutral,No specific mention of facilities,neutral,No specific mention of the host
21165998,329469862,2018-09-29,Very convenient location. Host was kind enough to give us a free upgrade!  Space is a bit crammed but that is Hong Kong. Really awesome restaurants on the same block.,positive,"convenient location, kind host, free upgrade, near great restaurants, compact space",positive,Very convenient with awesome restaurants on the same block.,neutral,"Space is a bit crammed, which is typical for Hong Kong.",positive,Kind enough to provide a free upgrade.
6348825,177165456,2017-08-02,除左细其他都ok,neutral,"small room, acceptable overall, compact space, basic accommodation",neutral,No specific mention of location in the review.,negative,The room is described as small (除左细).,neutral,No specific mention of the host in the review.
1328286909959687741,1419296659137513228,2025-05-12,"This is just like home away from home.... location was just perfect, everything was around the property . This place is well equipped kitchen that's why saved lot of money for food . If you are travelling with family just go with this place. last but not the least about the host , she is very helpful and reply each and every small question so i will give five out of five for this place .",positive,"family-friendly, well-equipped kitchen, great location, responsive host, value for money",positive,Perfect location with everything around the property.,positive,Well-equipped kitchen that helped save money on food.,positive,Very helpful and responsive to every question.
31662448,705385625912739295,2022-08-31,"Felt good. Rela made Indonesian rib soup and dumplings for me. Delicious!And the house is in a good location, convenient for shopping and strolling.",positive,"friendly host, good location, home-cooked food, convenient for shopping",positive,"House is in a good location, convenient for shopping and strolling.",neutral,No specific mention of facilities in the review.,positive,Host Rela made Indonesian rib soup and dumplings for the guest.
1060653918541140795,1388861345831026977,2025-03-31,"Great price for a simple female only space to stay, was here for 2 nights, you have the entire room for yourself (it's Hong Kong Island side so of course space is a luxury here). Efficient, fuss free place to stay if you're out and about whole day. Convenience store, breakfast spot, metro and airport bus station all at your doorstep",positive,"great value, convenient location, female-only space, entire room privacy, efficient stay",positive,"Convenient with metro, airport bus, breakfast spots, and stores nearby.",positive,"Simple but efficient and fuss-free, with entire room privacy.",neutral,No direct mention of host interaction.
18096001,185129072,2017-08-21,위치가 진짜 좋습니다 바로 밑이 유명한 제니쿠키에요 침사추이 역도 엄청 가깝고(역안에도 상점이 많아요 기화병가도 있습니다) 새벽에 도착하는 경우가 많은데 Night 버스 타면 쉽게 찾아 올 수 있습니다 시설은 샤워기 수압도 좋고 에어컨도 잘 나와요 무엇보다 호스트분이 정말 친절하셨어요 홍콩 좋아서 또 가고싶은데 다시 이용할 것 같네요 추천드립니다,positive,"excellent location near MTR, friendly host, good shower pressure, near famous Jenny Bakery, easy night bus access",positive,"Very good location right above famous Jenny Bakery, very close to Tsim Sha Tsui station with many shops, and easy to find via night bus for late arrivals.",positive,Good shower water pressure and air conditioning works well.,positive,Host was very friendly and kind.
5678100,319600601,2018-09-07,Andrea真的非常好，非常热情，得知我还会在香港住一段时间后主动为我寻找房源。房子也非常干净，设备很齐全非常方便！赞赞赞！,positive,"great host, clean accommodation, well-equipped facilities, helpful host",neutral,No specific mention of location in the review.,positive,"The accommodation is very clean and well-equipped, making it very convenient.",positive,"Andrea is very good, enthusiastic, and proactively helped find other accommodations."
41434275,1308479815057950421,2024-12-10,숙소 앞에 맛집 및 볼거리가 많아서 너무 좋았고 숙소도 안락했고 뜨거운 물도 잘 나와서 좋았습니다. 1인 여행 시 이용할 숙소로 최고입니다.,positive,"great food nearby, many attractions nearby, comfortable accommodation, good hot water, ideal for solo traveler",positive,Many good restaurants and attractions nearby,positive,Comfortable accommodation with good hot water supply,neutral,No specific mention of host in the review
31427826,465536671156804055,2021-10-04,住宿環境跟照片一樣，環境大致清潔，房間提供小型露台感覺非常好，晚上聽着浪聲，令人有一種度假嘅感覺！唯一美中不足的是，房間隔音比較差和Wi-Fi比較慢！不過整體來說都是推介的！,positive,"clean environment, small balcony, ocean sounds, poor soundproofing, slow Wi-Fi",neutral,"No specific location details mentioned, but proximity to ocean implied.",positive,"Accommodation matches photos, generally clean, with a nice small balcony.",neutral,Host is not mentioned in the review.
13426579,179638289,2017-08-08,如果你只想安安静静地呆一两天，长洲岛还是不错的，超市，便利店，买什么都方便。民宿的位置也很好，出了码头几分钟就到了。,positive,"quiet getaway, convenient shopping, close to ferry, walkable location",positive,"Very convenient, just a few minutes walk from the ferry pier.",neutral,No specific details mentioned about facilities in the review.,neutral,Host is not mentioned in the review.
21003945,365020939,2019-01-01,非常喜欢这次住的房子，房间的装饰跟灯光让我感觉很温暖，很棒！房东人也很好，原本是打算三个人来的，只订了双人房，问了一下房东也肯让我们三个一起住，虽然最后只来了两个人，但房东太好啦！下次还是住你这里！,positive,"cozy room decor, flexible host, good lighting, accommodating for group",neutral,No specific mention of location in the review.,positive,Room decoration and lighting create a warm and cozy atmosphere.,positive,"Host was very kind and flexible, allowing three people in a double room when asked."
43505132,1149011173522152970,2024-05-04,單人房型好選擇<br/>房東服務不錯，提供小點心（芒果乾）<br/>熱水管熱，有提供簡單的烹煮設備<br/>隔音不錯,positive,"good for solo travelers, friendly host with snacks, good soundproofing, hot water works well, basic cooking equipment",neutral,No specific mention of location in the review.,positive,"Hot water works well, soundproofing is good, and basic cooking equipment is provided.",positive,Host is friendly and provided snacks like dried mango.
31184690,444451199,2019-04-28,Had a great time staying there. Although when we had an early check in the place was not clean yet because the the previous guest had just left. <br/>The host offered for us to stay at a vacant room until the place was cleaned.<br/>The host is very responsive to queries.<br/>The best part of the unit is the location. Its very accessible. <br/>Will recommend this place to friends,positive,"responsive host, great location, accessible area, accommodating with early check-in",positive,Very accessible and the best part of the unit.,negative,Place was not clean yet for early check-in due to previous guest just leaving.,positive,Very responsive to queries and offered a vacant room while cleaning.
1319262259597819846,1357730038403468707,2025-02-16,深夜の到着にも関わらず柔軟に丁寧に対応していただきました！本当にありがとうございます！,positive,"flexible check-in, helpful host, late arrival friendly",neutral,No specific mention of location in the review.,neutral,No specific mention of facilities in the review.,positive,"Host was flexible, polite, and accommodating even for a late-night arrival."
1377390555959457683,1386677234495156714,2025-03-28,非常好的入住体验,positive,"great experience, recommended stay, satisfied guest",neutral,No specific mention of location in the review.,neutral,No specific mention of facilities in the review.,neutral,No specific mention of the host in the review.
21003945,456933299,2019-05-23,非常好,positive,"good experience, recommended stay, satisfactory",neutral,No specific mention of location in the review.,neutral,No specific mention of facilities in the review.,neutral,No specific mention of the host in the review.
26999853,985952099699539304,2023-09-22,I enjoyed my stay at the Mahjong. It has a common room where fellow travellers and residents hang out and connect.  I like that the showers have a compartment to protect belongings from water splash. Each bed in the dorm has access to a safe as well with privacy blinds. Bathroom amenities are included and laundry service is available at a reasonable price. Better than many other hostels in HK and I recommend this place.,positive,"social common room, privacy features in dorm, good bathroom amenities, laundry service available, value for money",neutral,No specific mention of location features or convenience.,positive,"Well-equipped with showers that protect belongings, dorm bed safes, privacy blinds, bathroom amenities, and laundry service.",neutral,No direct mention of host interaction or service.
1081862499642042218,1430860528603904405,2025-05-28,"Every place you look in HK will be the same, extremely LITTLE.<br/>For me this place was the best decision because of 3 things: my own room (but shared bathroom), a/c in the room and location. <br/>Even though you share with other 4 rooms, there was never problem sharing 1 bathroom. Keep in mind no towels available. <br/>The bed was small and my height is 1,67. So if you are 1cm more than me don’t challenge yourself. Also if your back is sensible this bed is not for you, little mattress, so you could feel the wood of the bed. <br/>The location is great, restaurants and bars near. <br/>The host is really nice, good details to get there and is responsive.<br/>For me the worst thing was that you pay a cleaning fee and no one came in my 5 days there to clean. I can deal with no changing sheets but not to come and take the trash from the bathroom is just crazy. The trash of bathroom and kitchen were full. It seems the host expects people to take out the trash, so why are we charge an expensive cleaning fee?!",positive,"private room with AC, shared bathroom works fine, great location near restaurants/bars, responsive host, cleaning fee issue",positive,Great location with restaurants and bars nearby.,negative,"Small bed with thin mattress, no towels, and cleaning service not provided despite fee.",positive,"Really nice, responsive, and provided good arrival details."
26509604,1397558185100264454,2025-04-12,Matt非常好，主動聯絡並且提供實用的資訊，入住指引相當清楚，提供的設備應有盡有，大樓警衛也很nice，附近很多餐廳，離港鐵很近，地點非常方便，超級推薦！,positive,"great host, near MTR, many restaurants nearby, helpful building security, well-equipped facilities",positive,"Near MTR with many restaurants nearby, very convenient location.",positive,Well-equipped with everything needed.,positive,Very good host who proactively contacted and provided useful information with clear check-in instructions.
5464143,102346035,2016-09-17,房東非常熱心，小而美的房間，地點位於尖沙咀站的上方，逛街購物非常方便，星光大道及維多利亞港步行即可抵達，看夜景可至中港碼頭後方。唯獨洗澡時要小心熱水燙到，Overall 不錯的地點住處。,positive,"great host, central Tsim Sha Tsui location, walkable to attractions, compact but nice room, hot water caution",positive,"Located above Tsim Sha Tsui MTR station, very convenient for shopping, walkable to Avenue of Stars and Victoria Harbour, good for night views near China Ferry Terminal.",neutral,"Small but nice room, but need to be careful with hot water temperature during shower.",positive,Very enthusiastic and helpful.
840168603621977129,1185216274941801839,2024-06-23,"convenient location near MTR stop in Kowloon, good value for price",positive,"convenient location, near MTR, good value, Kowloon area",positive,Convenient location near MTR stop in Kowloon.,neutral,No specific facility details mentioned in review.,neutral,No host-related comments mentioned in review.
884539393199148698,1004005257960213572,2023-10-17,Family friendly stay as I had a child (5yo) with me. everything is perfect and just what we need. great host and great location. very near to mtr and walking distance to shopping and restaurants! superb stay and hope to come back again.,positive,"family friendly, great host, near MTR, walking distance to amenities, perfect for needs",positive,Very near to MTR and within walking distance to shopping and restaurants.,positive,"Everything was perfect and suited the family's needs, especially for a child.",positive,Great host contributed to a superb stay.
4852992,1383825820479140552,2025-03-24,"Tudo certo, próximo ao metrô",positive,"near metro, convenient location, satisfactory stay",positive,Close to metro station for easy transportation,neutral,No specific details mentioned about facilities,neutral,No mention of host interaction in the review
5465183,112204327,2016-11-04,交通非常方便，周围逛街吃东西都跟便利，但是房间隔壁在装修，比较吵,neutral,"convenient transportation, good shopping & dining nearby, noisy construction nearby, central location",positive,Very convenient transportation with good shopping and dining options nearby.,negative,Room was noisy due to construction next door.,neutral,No mention of the host in the review.
52291882,1377264744644513607,2025-03-15,Everything is good!,positive,"good overall experience, satisfactory stay, recommended",neutral,No specific mention of location.,positive,Implied that everything was good.,neutral,No specific mention of the host.
1226392412808404543,1360583966510259468,2025-02-20,very nice apartment. Clean and relatively spacious in HK,positive,"clean apartment, spacious for HK, nice apartment",neutral,No specific mention of location.,positive,Apartment was clean and relatively spacious for Hong Kong standards.,neutral,No mention of the host.
2104151,1344002101148639711,2025-01-28,"The host was very warm and welcoming and even gave us some spots to visit. We had an issue with the passcode to the door, but the host was quick with responding to us and help solve the issue quickly. My friends and I grateful for having such a nice host☺️☺️",positive,"responsive host, helpful recommendations, quick problem resolution, welcoming host",neutral,No specific mention of location features or quality.,negative,"Had an issue with the door passcode, though it was resolved quickly.",positive,"Very warm, welcoming, gave visit recommendations, and responded quickly to solve issues."
7701968,445777494,2019-04-30,地點好 地鐵出來就到了，房間小 但是乾淨整齊,positive,"near MTR, clean room, compact space, convenient location",positive,"Very close to MTR station, easy access",positive,Room is small but clean and tidy,neutral,No mention of host in the review
7186750,854004959204350075,2023-03-24,"Great location, lots of restaurants nearby, Ken is very helpful, he knows the best local restaurants, thank you for all.",positive,"great location, helpful host, near restaurants, local recommendations",positive,Lots of restaurants nearby.,neutral,No specific mention of facilities in the review.,positive,Ken is very helpful and knows the best local restaurants.
33390164,451585590,2019-05-12,"Exceeded expectations . Squeaky clean and tidy , very convenient , the mtr is just 5 mins away . Shopping is within the vicinity . Hosts were very accommodating and kind . thoughtful He catered for a baby cot and bath tub , Very suitable for family stay .",positive,"squeaky clean, near MTR, family-friendly, accommodating host, convenient location",positive,Very convenient with MTR just 5 minutes away and shopping within the vicinity.,positive,"Squeaky clean and tidy, very suitable for family stay with baby cot and bath tub provided.",positive,"Very accommodating, kind, and thoughtful in catering to family needs."
32701409,595845223,2020-01-20,房间很干净，舒服！交通便利！房东人很好！下次去香港还订这个酒店,positive,"clean room, comfortable, convenient transportation, great host, recommended for Hong Kong",positive,交通便利 (convenient transportation),positive,房间很干净，舒服 (room is clean and comfortable),positive,房东人很好 (host is very nice)
849025321418535769,1127969936406482795,2024-04-05,place is very convenient. near mtr and bus stop.,positive,"convenient location, near MTR, close to bus stop",positive,Very convenient and near MTR and bus stop.,neutral,No specific mention of facilities in the review.,neutral,No mention of the host in the review.
734447696958196566,1446835367132742422,2025-06-19,"Very good apartment with beautiful environment, it is quiet and big",positive,"quiet apartment, spacious room, beautiful environment, good apartment",neutral,No specific mention of location features or accessibility.,positive,"Apartment is described as big, quiet, and with a beautiful environment.",neutral,Host is not mentioned in the review.
1182399900807794378,1233081773165801787,2024-08-28,溝通良好，房主回應很快很負責任，房間地理位置很方便，近地鐵站，推介！,positive,"responsive host, convenient location, near MTR station, good communication",positive,"Very convenient location, close to MTR station.",neutral,No specific mention of facilities in the review.,positive,"Host communicates well, responds quickly, and is responsible."
5158962,1226523949444344712,2024-08-19,第一次住青旅 很开心是ruby 遇到的女孩子都很好相处 我们还一起去吃了附近的美食 我觉得像我这样的普通学生可以试试这里 真的非常好 去哪里都很方便 而且转换器耳塞眼罩都有 不用担心 有一个客厅真的超好的 不会有一种自己在外流浪的感觉🥺,positive,"friendly atmosphere, convenient location, well-equipped facilities, good for students, social common area",positive,Very convenient to go anywhere and has nearby good food.,positive,"Well-equipped with converter, earplugs, eye mask, and a great living room that feels like home.",neutral,No direct mention of host; review focuses on fellow guests and facilities.
38195593,547387206,2019-10-15,It’s an apartment with 3 rooms and total 12 beds. Quite small if you have large luggages. Some bed don’t think can sleep easily as the aircon is just next to the bed so it will either blow to your leg or your head. Cleanliness is ok. There are two bathrooms. Door access by card. Reception is at second floor. Please don’t mislead by the images. The living area is actually a shared facilities on second floor. The apartment is just purely 3 rooms plus corridor.,negative,"misleading photos, small rooms, shared living area, uncomfortable beds, card access",neutral,No specific location details mentioned in the review.,negative,"Rooms are small, beds are uncomfortable due to aircon placement, and living area is shared and separate from the apartment.",neutral,No mention of host interaction or service in the review.
20684223,481049353,2019-07-04,麻雀虽小，五脏俱全。,positive,"compact space, well-equipped, efficient layout",neutral,No specific mention of location.,positive,The space is small but has all essential facilities.,neutral,No specific mention of the host.
14884742,149399409,2017-05-04,Logement petit mais bien placé. La chambre est propre et l'immeuble et très sécurisé. Lea est très disponible pour rendre le sejour agréable.,positive,"well located, clean room, secure building, responsive host",positive,The accommodation is well placed.,positive,"The room is clean and the building is very secure, though the lodging is small.",positive,Lea is very available to make the stay pleasant.
7931794,158254257,2017-06-05,방이 약간 작은 것 이외에는 모두 좋았습니다.,positive,"small room, clean accommodation, good value, satisfactory stay",neutral,No specific mention of location in the review.,negative,The room was somewhat small.,neutral,No specific mention of the host in the review.
18041664,162949380,2017-06-23,완전 위치도 좋고 침사추이역이랑도 가깝고<br/>사람들이 청킹맨션이랑 착각하는 분들도 있는데 절대 아니고요 훨씬 젛아요 완전깻끗하고 시트도 매일 바꿔주시구 무엇보다 호스트님이 이쁘시구 친절해용~ 줄리엣 좋아용~😋,positive,"excellent location, very clean, friendly host, near MTR station, daily sheet change",positive,Good location and close to Chai Wan Che MTR station.,positive,"Very clean, not like Charming Mansion, and sheets are changed daily.",positive,"Host is pretty, kind, and friendly (likes Juliet)."
2104151,451503961,2019-05-12,位置很好，从旺角或者太子地铁站步行过去，都很近，几分钟就到了。距离新世纪很近。房间整洁舒适，再有机会，会继续选择居住！,positive,"great location, near MTR stations, clean room, comfortable stay, close to shopping mall",positive,"Very convenient location within walking distance of Mong Kok and Prince Edward MTR stations, and close to Grand Century Place.",positive,"Room is tidy and comfortable, would choose to stay again.",neutral,No specific mention of the host in the review.
11554702,1415673348800875263,2025-05-07,Had a great stay here! it's supen central. lots of life around the building. the accessible balcony was great too for smoking.,positive,"central location, lively neighborhood, accessible balcony, smoking-friendly",positive,Super central with lots of life around the building.,positive,Accessible balcony was great for smoking.,neutral,No specific mention of the host in the review.
41600828,1093205143443356493,2024-02-17,优点：地理位置优越，全自助办理入住，限女生入住，有安全感，适合短期单行旅友<br/>缺点：睡眠舱0隔音，必须有耳塞,positive,"excellent location, self check-in, female-only, good for solo travelers, noise issues",positive,地理位置优越 (Excellent geographical location),negative,"睡眠舱0隔音，必须有耳塞 (Sleeping pod has zero soundproofing, earplugs are mandatory)",neutral,全自助办理入住 (Fully self check-in process)
932805411774136349,1057600089135621631,2023-12-30,"We stayed for a week in Nicola’s apartment. It has stunning views, a firm and comfortable bed, is peaceful and in a fun neighbourhood, with good transport links.",positive,"stunning views, comfortable bed, peaceful location, good transport links, fun neighbourhood",positive,Peaceful and in a fun neighbourhood with good transport links.,positive,"Has stunning views and a firm, comfortable bed.",neutral,No specific mention of host interaction or qualities.
8946730,228747337,2018-01-21,交通位置便利，臨近地鐵，房間空間2個人住算ok了,positive,"convenient location, near MTR, suitable for two people, good transportation",positive,"交通位置便利，臨近地鐵 (Convenient transportation location, close to MTR)",neutral,房間空間2個人住算ok了 (Room space is okay for two people),neutral,No mention of host in the review
595563569772712141,1363570865880070105,2025-02-24,房间位置真的很好，离地铁很近，周边饭店特别多，各种美食，推荐大家入住哦,positive,"great location, near MTR, many restaurants nearby, food variety, convenient access",positive,"Very good location, close to MTR with many restaurants and various food options nearby.",neutral,No specific mention of facilities in the review.,neutral,No specific mention of the host in the review.
1039675289020033824,1254059837033521106,2024-09-26,The location is good. Reasonable price. Easy check-in👍🏻👍🏻 한인국만 읽수을게있 적게을요. 숙sㅗㅇH 바레벌퀴 ㅈ/ㄴ 많aㅏyo. 그ㄹHsㅓ 중간 OH 숙소옮어겼요. ㅅH77ㅣ바벌퀴레 7H많aㅏyo. I recommend it 👍🏻,positive,"good location, reasonable price, easy check-in, recommended",positive,The location is good.,neutral,No specific mention of facilities in clear text.,neutral,No specific mention of the host in clear text.
8831109,127937193,2017-01-21,숙소는 전반적으로 깔끔하다. 그리고 편히 쉴수있는 거실?같은곳이 있어서 좋았다. 그리고 숙소와 인접한곳에 지하철 출입구가 있는데 출입구에서부터 지하철타는곳까지 에스컬레이터가 설치되어있어서 매우 편하다.  그리고 생각보다 한국인이 많이 찾는 숙소이다.  한가지 아쉬웠던점은 2층 침대에서 1층은 커튼이 있는데 2층은 커튼이 없어서 아쉬웠다.,positive,"clean room, near subway, living room area, popular with Koreans, no curtain on second floor",positive,Very convenient with a subway entrance right next to the accommodation and escalators all the way to the platform.,positive,Generally tidy and has a comfortable living room-like space to relax.,neutral,No specific mention of the host in the review.
6865393,120967770,2016-12-12,"アリスさんは連絡も確実、ロケーションや周りのオススメレストランなどの情報も提供してくれとても良いホストさんです。部屋も独立した3つのベッドルームとソファベッドがあり家族での滞在も可能です。ロケーションは駅から近くおいしいレストランもオススメしてくれました。場所の説明も的確で迷う事なくたどり着き、ハウスルールについても説明してくれました。部屋はとても綺麗でシャワーの水圧も申し分なかったです。タオルも十分あります。やり取りは英語で可能です。また香港にあれば彼女の所に泊まりたいです。The host was very well organized and was around for all of our questions. Apartment is super clean, has everything you need.Location is convenient and easy to access MRT.she also recommend restaurants around there, which is so helpful.  We had a terrific time at his place and we definitely are looking forward to coming back again.",positive,"great host, near MTR, clean apartment, family-friendly, helpful restaurant recommendations",positive,"Convenient and easy to access MRT, with good restaurant recommendations nearby.",positive,"Apartment is super clean, well-equipped, with good water pressure and enough towels.",positive,"Very well-organized, responsive, provides clear instructions and helpful local recommendations."
20690610,520762545,2019-08-31,一个大大房子里面有好几个房间    我们可能来自不同的城市  不同的民族  不同的国度   但是因为这个小小的房间  我们有着同样的旅行故事,positive,"shared house, social atmosphere, meet other travelers, cultural exchange",neutral,No specific mention of location features or convenience.,neutral,Describes a room within a larger house but no details on amenities or condition.,neutral,Host is not mentioned in the review.
19184804,342562345,2018-10-29,"Very nice owner, very patience, easy to find, wonderful location which is very convenience.",positive,"great host, convenient location, easy to find, patient owner",positive,Wonderful and very convenient location.,neutral,No specific mention of facilities in the review.,positive,Very nice and patient owner.
1013018257957569652,1372243112700193846,2025-03-08,"I think host should include in the description that <br/>1. there’s no lift and the flat is on 5F, so if you carry a heavy luggage you need to take that into consideration. <br/>2. It’s a shared bathroom and to use hot water you need to turn on a button outside the toilet and let it run for a few minutes before shower and wait longer if you need to a bit longer shower.<br/>3. Take your room key with you all the time even when you are in the house. They don’t have spare room keys so if you lock yourself out, the only way is to find a locksmith.<br/>Overall I think majority of the price is paid for the location. The host was very nice when they sent a brand new hairdryer the next day when I asked for one but couldn’t find it in the room.",neutral,"no elevator, shared bathroom, good location, attentive host, key management important",positive,Majority of the price is paid for the location.,negative,"No elevator to 5th floor, shared bathroom with inconvenient hot water system, and no spare room keys.",positive,"Very nice and responsive, sent a brand new hairdryer the next day upon request."
16356377,123175028,2016-12-27,The apartment is big in HongKong. The location is in the city centre and close to the metro station and many restaurants，but it is close to funernal parlours as well. The clean service only contains the change of towers.,neutral,"spacious apartment, central location, near metro, limited cleaning service, close to funeral parlours",mixed,City centre near metro and restaurants but also close to funeral parlours,neutral,Apartment is spacious but cleaning service only includes towel changes,neutral,No specific mention of host interaction in the review
18837891,274356582,2018-06-09,"A very very nice place - cozy and clean. Location is superb, near mtr, shops and restaurants. Wilson is very nice and accommodating, he had provided point to point guide from airport to apartment as well as return trip. The apartment generally clean and tidy<br/> Overall a very good experience. We will stay there again if we were to visit Hong Kong in the future.",positive,"cozy and clean, near MTR and amenities, helpful host with guides, good overall experience, would stay again",positive,"Superb location near MTR, shops, and restaurants.",positive,"Apartment is generally clean, tidy, cozy, and well-maintained.",positive,"Wilson is very nice, accommodating, and provided detailed guides for airport transfers."
1078097575411269796,1140984581402128654,2024-04-23,房东是一位非常好的叔叔！房间非常干净！,positive,"great host, clean room, friendly owner",neutral,No specific mention of location in the review.,positive,The room is described as very clean.,positive,The host is described as a very good and friendly uncle.
1167722946583914504,1230837404616595029,2024-08-25,Great place for staying with friends and family.<br/> Its a little bit far but you can get a cab from the nearest mtr station for a reasonable price. <br/>Host super friendly and very responsive the valley/village where the house is located is lovely and a great escape from the hustle and bustle of hk city life.,positive,"great for groups, friendly host, peaceful location, good value transport, escape from city",positive,"Lovely valley/village offering a great escape from city bustle, though a bit far from MTR.",neutral,"Suitable for staying with friends and family, but no specific facility details mentioned.",positive,Super friendly and very responsive.
36172237,969920873050983904,2023-08-31,"Me and my friends a total of five staying together, very spacious and equiped with necessities.",positive,"spacious for groups, well-equipped, suitable for friends",neutral,No specific mention of location.,positive,Very spacious and equipped with necessities.,neutral,No specific mention of the host.
17537840,197571930,2017-09-26,地理位置很方便，就在尖沙咀附近。房间真的很小，但是是干净的。能够寄存行李这一点很棒！,positive,"convenient location, clean room, luggage storage, small room, near Tsim Sha Tsui",positive,"Very convenient, near Tsim Sha Tsui.",neutral,Room is very small but clean; luggage storage is excellent.,neutral,No specific mention of the host in the review.
1036860818469596887,1371483311717488265,2025-03-07,Charming and comfortable apartment.,positive,"charming apartment, comfortable stay, well-decorated",neutral,No specific mention of location.,positive,Apartment described as charming and comfortable.,neutral,No specific mention of the host.
8597633,940266245424295656,2023-07-21,性价比很高，位置是真的方便,positive,"good value, convenient location, affordable",positive,位置是真的方便 (The location is truly convenient),neutral,No specific mention of facilities in the review,neutral,No specific mention of the host in the review
15472655,295629875,2018-07-24,性价比很高 附近吃的东西很多,positive,"good value, many nearby restaurants, convenient location",positive,Many nearby dining options available.,neutral,No specific mention of facilities in the review.,neutral,No specific mention of the host in the review.
43735640,719925136,2020-12-31,"Great location, good service, surely we will come back !",positive,"great location, good service, would return",positive,Great location mentioned in review.,neutral,No specific mention of facilities.,positive,"Good service implied, likely from host."
5074403,308191768,2018-08-16,在香港这个价格真的超赞了！入住非常方便，到周围吃的东西很多，房间真心干净，房主很细心！非常愉快的入住！感谢！,positive,"great value for money, convenient check-in, many nearby dining options, very clean room, attentive host",positive,Many dining options nearby,positive,Room is very clean,positive,Host is very attentive and thoughtful
4852992,1070708156028225241,2024-01-17,The location is super convenient. Easy to get to from the airport by rail or by bus. And the rail station is right outside the building which you can go to just about anywhere. It is also just a short waking distance to the near-by street market. Basically it is in the heart of the city. The room is small but it is common in Hong Kong. It is clean and the bed is comfortable. Good A/C and bathroom has hot water. The staff is also friendly. The building has security guard and the main entry is key-locked so I feel very safe.  It is a very good value small room if you like  staying in the busy city center with convenient public transportation.,positive,"central location, clean room, good security, convenient transport, good value",positive,"Super convenient, in the heart of the city with easy airport access and short walk to street market.",positive,"Room is clean with comfortable bed, good A/C, hot water, and building has security features.",positive,Staff is friendly and helpful.
1067917002468436887,1261292391197729646,2024-10-06,房源位置极其便利，楼下就是各类商场和地铁站，房东夫妇非常热情周到。,positive,"convenient location, near shopping malls, close to MTR, friendly hosts, attentive service",positive,Extremely convenient with shopping malls and MTR station right downstairs.,neutral,No specific mention of facilities in the review.,positive,Landlord couple is very warm and attentive.
10977095,104292426,2016-09-26,This place is in a great HK location and extremely easy to get to from the airport. The A22 bus literally drops off around the corner from the building. All of HK is very easy to get to because the Jordan MTR station is right next to the bus stop. <br/>The room was clean and well maintained....although I did not spend a lot of time in it....who would when visiting HK?<br/>I would definitely recommend Sam's place to any and all HK visitors.,positive,"great location, easy airport access, clean room, near MTR station, recommended for visitors",positive,Great location with easy access from airport via A22 bus and Jordan MTR station right next to the bus stop.,positive,Room was clean and well maintained.,positive,"Would recommend Sam's place to all visitors, indicating a positive host experience."
6496401,68870496,2016-04-07,Nous avons passé un excellent séjour chez Yu que nous n'avons malheureusement pas rencontré. Le studio est vraiment très pratique et très bien situé. Tout est bien pensé et très propre. La vue du toit est splendide. Cet un endroit où on se sent très bien. Si ma fille reste vivre à Hong Kong je reviendrai dans ce logement !!!,positive,"well located, clean and practical, great rooftop view, comfortable stay, well designed",positive,Very well situated and convenient.,positive,"Studio is practical, clean, well thought out, with a splendid rooftop view.",neutral,"Host was not met during the stay, but no negative remarks mentioned."
26487387,308683561,2018-08-17,房东人很好，热情好客，服务也很周到。房间虽然小但一应俱全，收拾的很干净，还提供了一个转换器可以使用。很舒服的体验～,positive,"great host, clean room, well-equipped, comfortable stay, helpful amenities",neutral,No specific mention of location in the review.,positive,"Room is small but well-equipped, clean, and includes a converter.",positive,"Host is very kind, hospitable, and provides attentive service."
725218073981528467,1375836310241708707,2025-03-13,Host was very responsive with all the questions i had before arriving. Very helpful and gave me a peace of mind. Ate Lin welcomed us and made us feel very welcome. Expect the building to be sketch at first (lol just like how it is in hk LOL) But their place itself is nice! rooms and bathroom are super clean! Walking distance to train stations and just few steps away from a bus stop,positive,"responsive host, clean rooms, walking distance to train, helpful welcome, convenient transportation",positive,Walking distance to train stations and close to a bus stop.,positive,"Rooms and bathroom are super clean, though the building exterior is described as sketch.",positive,"Very responsive, helpful, welcoming, and gave peace of mind before arrival."
25044456,885925077997806843,2023-05-07,位置很棒 衛生不錯,positive,"great location, clean, good hygiene, convenient",positive,位置很棒 (Location is great),positive,衛生不錯 (Hygiene/cleanliness is good),neutral,No mention of host in review
597542092751169161,795269803222204916,2023-01-02,很美好的一次岛上住宿回忆~ 小家离海边很近，干净而温馨，还有一只可爱的大狗狗！房东Aqua热情好客，不仅来码头接我，还推荐了很多岛上的游玩路径和美食，下次南丫岛之行的时候，一定再来做客^ ^,positive,"near beach, clean and cozy, friendly host, pet-friendly, good local tips",positive,Very close to the seaside.,positive,"Clean, cozy, and includes a lovely big dog.",positive,"Host Aqua is hospitable, provided pickup and great local recommendations."
1374947726457783567,1433138169024648288,2025-05-31,"Thank you to Camille and Sebastian for the warm welcome! <br/>Super friendly and always ready to help with great tips and advice. The apartment was lovely, both my friend and I really liked it. Highly recommend!",positive,"friendly host, helpful tips, lovely apartment, highly recommended",neutral,No specific mention of location features or convenience.,positive,The apartment was lovely and both guests really liked it.,positive,"Super friendly, warm welcome, and always ready to help with great tips and advice."
16056283,514775047044099519,2021-12-11,"I have been back to Sarah’s place in Peng Chau several times and always enjoy the island life, very comfortable apartment and friendly and helpful host",positive,"island life, comfortable apartment, friendly host, helpful host, repeat guest",positive,Enjoyed the island life in Peng Chau.,positive,Apartment was very comfortable.,positive,Host was friendly and helpful.
21022859,435934760,2019-04-12,很好,positive,"good experience, recommended",neutral,No specific comment provided about location.,neutral,No specific comment provided about facilities.,neutral,No specific comment provided about the host.
562775,339004995,2018-10-21,People are kind and nice. And the location is super good!,positive,"friendly host, excellent location, kind people",positive,Super good location,neutral,No specific mention of facilities,positive,People are kind and nice
1005682343180416923,1351973237203549234,2025-02-08,That location was great lots of good food and attractions nearby. I would recommend and definitely would stay again.,positive,"great location, near attractions, good food nearby, would stay again",positive,Great location with lots of good food and attractions nearby.,neutral,No specific mention of facilities in the review.,neutral,No specific mention of the host in the review.
4695498,494784768,2019-07-25,good place for my short journey,positive,"short stay, good value, convenient location",neutral,No specific details mentioned about the location.,positive,"Described as a good place, implying satisfactory facilities.",neutral,No mention of the host in the review.
16932624,273093997,2018-06-05,房间虽然很小但五脏俱全，对于两个人在香港经济的玩几天可以说是很足够了。空调热水等设施非常好，大件行李可以放在床下面，以前就住过这栋大厦，走两步就是庙街，里面隐藏了香港最地道的美食。交通来说真的是太方便，地铁巴士就在楼下五分钟步行就可以到。十分推荐,positive,"compact but well-equipped room, excellent location near Temple Street, convenient transportation access, good facilities (AC, hot water), suitable for short stays",positive,"Very convenient with MTR and buses within 5 minutes walk, and Temple Street with authentic local food nearby.",positive,Room is small but well-equipped; AC and hot water are excellent; luggage can be stored under bed.,neutral,No specific mention of host interaction in the review.
4724533,416752750,2019-02-25,"Nice and clean room, near by metro easy to find.",positive,"clean room, near metro, easy to find",positive,Near metro and easy to find.,positive,Room is nice and clean.,neutral,No mention of host in review.
980341521824195412,1417187466375859524,2025-05-09,Nice stay. Highly recommended.,positive,"recommended stay, pleasant experience",neutral,No specific mention of location.,neutral,No specific mention of facilities.,neutral,No specific mention of the host.
25315522,444460679078584251,2021-09-05,Very nice owner,positive,"great host, friendly owner",neutral,No specific mention of location.,neutral,No specific mention of facilities.,positive,Owner was described as very nice.
2104151,1335978570637720659,2025-01-17,这套公寓虽然较小，但非常温馨，和图片描述基本一致。空间虽然紧凑，但布置得很合理，让人感到舒适。父母也很喜欢，公寓内有洗衣和干衣设施，非常方便。楼下的街市有很多当地美食，新鲜的蔬菜水果也很容易买到，生活十分便利。毛巾整齐地放在房间的小柜子里，干净整洁，给人很好的入住体验。客厅和卧室都有暖气，即使天气寒冷，也能保持温暖舒适。周围环境也很安静，适合休息和放松。总体来说，非常适合家庭入住，强烈推荐！,positive,"family-friendly, convenient location with local market, well-equipped with laundry and heating, quiet neighborhood, clean and cozy",positive,楼下街市有当地美食和新鲜蔬果，生活便利，周围环境安静。,positive,公寓虽小但布置合理，有洗衣干衣设施、暖气，毛巾干净整洁。,neutral,未明确提及房东服务，但公寓与图片描述一致，入住体验良好。
20690610,228087840,2018-01-18,"Winnie is a great host! Although the check in time was 3pm, I was able to check in earlier as I needed a shower desperately after a long-haul flight. Thanks Winnie!",positive,"flexible check-in, accommodating host, helpful for long-haul travelers",neutral,No specific mention of location in the review.,neutral,"Shower was available for early check-in, but no details on facility quality.",positive,Winnie was great and allowed early check-in for a shower after a long flight.
6865394,130611334,2017-02-06,This is a great apartment.  It is comfortable and clean.  It is right in the middle of Mong Kok and the neat things to do.  The neighborhood is very safe and friendly.  The transportation for getting around Hong Kong is awesome and right out the door to the apartment building.,positive,"clean apartment, central Mong Kok location, safe neighborhood, excellent transportation access, comfortable stay",positive,"Right in the middle of Mong Kok with many things to do, very safe and friendly neighborhood, and excellent transportation right outside.",positive,Apartment is comfortable and clean.,neutral,No specific mention of the host in the review.
18837891,331174733,2018-10-02,"Cosy is definitely the right word to describe Wilson and Shan's place.<br/>Has everything that you'll need, and is in a great location. <br/>Highly recommend!",positive,"cosy atmosphere, well-equipped, great location, highly recommended",positive,In a great location.,positive,Has everything that you'll need.,neutral,No specific mention of host interaction in the review text.
12296290,109331404,2016-10-20,房东夫妇很亲和，热情细致，详细介绍交通出行方案、屋内设施、小区配套等情况。小区品质很好，交通方便，离黄金海岸很近，门卫很和善，服务很周到，海马台风天特别反复提醒我们出行注意安全，帮忙预订出租车。房子很新，所住房间是双层小床，空间不算宽绰，但够用并很温馨，带孩子出行首选。,positive,"great host, family-friendly, near Gold Coast, good security, convenient transport",positive,交通方便，离黄金海岸很近，小区品质很好，门卫和善服务周到。,positive,房子很新，双层小床温馨够用，适合带孩子出行，但空间不算宽绰。,positive,房东夫妇亲和热情，详细介绍交通与设施，台风天反复提醒安全并帮忙预订出租车。
41434288,965570859526592564,2023-08-25,"Left flowers on top of piano for the host and  hostess...shhhh and yes they hv a piano<br/>5 mins away from Temple Street, if u know, u know",positive,"unique decor, near Temple Street, personal touch, piano available",positive,Very close to Temple Street (5 minutes away).,positive,Includes a piano as part of the amenities.,positive,"Guest left flowers as a gesture, implying a good relationship."
43505180,1022917076599025101,2023-11-12,"Ruby's place met my expectations. The room is small but clean, it has all what you need. It has hot water, AC, microwave, and several other things in the hallway.",positive,"clean room, well-equipped, hot water available, AC provided, compact space",neutral,No specific mention of location features or convenience.,positive,"Room is clean and well-equipped with hot water, AC, microwave, and other amenities.",neutral,Host not mentioned in the review.
6496401,1056888440046123012,2023-12-29,"Very clean and larger than we expected. Great work space available. Functional studio in a great location, and for HK, at a very reasonable price. Would stay here again.",positive,"clean room, spacious studio, great location, good value, functional workspace",positive,Great location mentioned as a positive feature.,positive,"Very clean, larger than expected, functional studio with great workspace.",neutral,No specific mention of the host in the review.
103760,480802291280245530,2021-10-25,"Brend is place is very well located but unfortunately the building is entirely wrapped in scaffoldings and some renovation work is on going. <br/>The flat could also go through some renovation - broken wall above the bed, rusty stoves from another age.",negative,"well located, ongoing renovation, needs refurbishment, old appliances",positive,Very well located according to the review.,negative,"Building wrapped in scaffolding, flat needs renovation with broken wall and rusty stoves.",neutral,No specific mention of the host in the review.
16484996,401574601,2019-01-15,"Good host, great value",positive,"good host, great value, budget-friendly",neutral,No specific mention of location.,neutral,No specific mention of facilities.,positive,Host is described as good.
24899594,369013774,2019-01-09,Great location and apartment. just abt 5min walk from central station exit D.,positive,"great location, near central station, walkable to transit, convenient access",positive,"Great location, about 5 minutes walk from Central Station exit D.",positive,Apartment was great.,neutral,No mention of host in the review.
28988793,1296824811736847760,2024-11-24,"Clean and nice room. Great location, very near to metro station, and near to temple street night market. I really recommend to anyone.",positive,"clean room, great location, near metro station, near night market",positive,Very near to metro station and Temple Street Night Market.,positive,Clean and nice room.,neutral,No specific mention of the host in the review.
16484996,862733656660773541,2023-04-05,Good place for the price!,positive,"good value, budget-friendly",neutral,No specific mention of location.,positive,Implied to be a good place for the price.,neutral,No specific mention of the host.
866445088396306875,1319997621835218408,2024-12-26,"The hosts were incredibly kind, and I stayed very comfortably. It was clean and located exactly where they described. The bus stop right in front made getting around very convenient.",positive,"clean room, convenient location, kind host, near bus stop",positive,Bus stop right in front made getting around very convenient.,positive,Clean and comfortable stay as described.,positive,Incredibly kind and accurate in their description.
22693111,1276529087384610923,2024-10-27,"Host is very friendly and  responsive. Due to previous fire incident, there was a Government permit issue with the homestay we originally booked . Host immediately offered us another one of her available homestay. It was along Temple street.  A few minutes walk to MTR. The Room is very clean, wifi is strong, bathroom shower heater is working well, aircondition is cold. Water pressure is very strong. Everything is perfect! <br/>We will book again next time.",positive,"responsive host, clean room, near MTR, strong wifi, good facilities",positive,A few minutes walk to MTR and situated along Temple Street.,positive,"Room is very clean, strong wifi, working shower heater, cold aircon, and strong water pressure.",positive,Very friendly and responsive; proactively offered alternative homestay when original booking had permit issues.
856777264331932342,946768246693741072,2023-07-30,Perfect location and lovely place,positive,"perfect location, lovely place, well-located",positive,Perfect location according to the guest.,positive,Described as a lovely place.,neutral,No specific mention of the host in the review.
4436837,66010699,2016-03-18,The room are clean and really easy to walk to MRt! Friendly and warm services provided !! thz Vincent n Leo,positive,"clean room, near MRT, friendly host, good service",positive,Really easy to walk to MRT,positive,The room is clean,positive,Friendly and warm services provided by Vincent and Leo
1922220,25928128,2015-01-30,"It's my second stay at Peter's place. The place has the best location, central but quite at night. The apartment is clean and spacious. Peter is very friendly and helpful host. Thank you and I hope to stay at this apartment my next visit!",positive,"central location, quiet at night, clean apartment, spacious room, friendly host",positive,Central but quiet at night,positive,Clean and spacious apartment,positive,Very friendly and helpful
36754454,605600651,2020-02-15,Nice place,positive,"nice place, good accommodation",neutral,No specific mention of location.,positive,The place is described as nice.,neutral,No specific mention of the host.
1187543656227329972,1267788376672055654,2024-10-15,"I had a great stay at Mei’s place! The accommodation is in a perfect location, right next to the metro, making it easy to explore the city. The room is tiny but has everything you need, outside there is a fridge and a washing machine. It was also cleaned daily, which was a nice touch. Mei is incredibly helpful and responsive, making the whole experience smooth and enjoyable. Highly recommend!",positive,"perfect location near metro, helpful and responsive host, daily cleaning, compact but well-equipped room, shared fridge and washing machine",positive,"Right next to the metro, making it easy to explore the city.",positive,"Room is tiny but has everything needed, with a fridge and washing machine outside, and cleaned daily.",positive,"Incredibly helpful and responsive, making the experience smooth and enjoyable."
49221654,701816373135758057,2022-08-26,"This is has a lovely place to stay for a relaxed trip to Lamma Island. The place has a comfy room with good aircon, a kitchen well stocked with condiments, a BBQ on the pretty rooftop and several pets including turtles, tortoises and a very sweet dog. Loulou is very friendly and welcoming, she's knowledgeable about vegan cuisine, the local area and many other topics :)",positive,"relaxed island stay, well-stocked kitchen, pet-friendly, friendly host, rooftop BBQ",positive,Lovely place for a relaxed trip to Lamma Island.,positive,"Comfy room with good aircon, well-stocked kitchen, rooftop BBQ, and pets on site.",positive,"Very friendly, welcoming, and knowledgeable about vegan cuisine and the local area."
24612188,1370802175348434721,2025-03-06,房間地點非常便利，床也很大，整個小而美，但建議兩個人入住比較舒適！下次再來香港乙定會再訂房！,positive,"convenient location, large bed, compact and nice, suitable for couples, would book again",positive,地點非常便利,positive,床很大，整個小而美，但建議兩個人入住比較舒適,neutral,No specific mention of host in the review
11574010,983772856086140019,2023-09-19,"I’ve been to Hong Kong several times and always felt like I belonged.  I was glad I stayed at Ken’s place this time.  <br/>Ken and his fellow hosts were pleasant and accommodating. They were always willing to help and easy to communicate with. <br/>The place was very centrally located with lots of things to do be it dining, shopping or just exploring the neighborhood.  It was easy to get on the MTR or buses in case you wish to explore other parts of Hong Kong, too.  <br/>As with most Hong Kong spaces,  the room was compact and just right for me and two of my companions. We had a good nights rest every time we came back from exploring other islands. <br/>I recommend Ken’s place to anyone who wishes to visit Hong Kong.",positive,"great host, central location, near MTR, compact room, good for exploring",positive,"Very centrally located with easy access to MTR and buses, surrounded by dining and shopping.",positive,"Room was compact but adequate for three people, providing good rest after exploring.",positive,"Pleasant, accommodating, easy to communicate with, and always willing to help."
30941011,458329116,2019-05-26,房间不错干净整洁，交通也便利，尖沙咀B1或B2出口,positive,"clean room, near MTR, convenient transportation, Tsim Sha Tsui location",positive,交通便利，靠近尖沙咀B1或B2出口,positive,房间不错，干净整洁,neutral,未提及房东相关信息
7743921,266378248,2018-05-20,"Mei’s place is absolutely lovely. Great location, right up to the metro exit, and close to bus stations to the airport. The room is clean and has everything I needed. Although it’s a room by the street, it isn’t noisy at all thanks to the very thick, sound-proof windows. Mei is a very quick responder on Airbnb. She gives simple but clear introduction and everything is just as she said. She also helped take care of our luggage for a few hours after we checked out. Will come back again!",positive,"great location near metro, clean and well-equipped room, sound-proof windows, helpful host with luggage storage, quick communication",positive,Great location right by metro exit and close to airport bus stations.,positive,Clean room with everything needed and effective sound-proof windows despite street location.,positive,"Quick responder, provides clear instructions, and helped with luggage storage after checkout."
43505159,1143895059800603788,2024-04-27,It was awesome!,positive,"great experience, recommended stay, satisfied guest",neutral,No specific mention of location in the review.,neutral,No specific mention of facilities in the review.,neutral,No specific mention of the host in the review.
32537617,830792656017264766,2023-02-20,All good!,positive,"satisfactory stay, no issues, good experience",neutral,No specific mention of location.,positive,Implied to be in good condition.,neutral,No specific mention of the host.
37172099,572531104,2019-12-03,"Great place to stay when you are travelling as a group.. Fully equipped with everything you need,the place is comfortable and cozy. The place is located beside the MTR, many establishment and store. The host is ready to answer all of your questions will definitely hire her as my host again if I come back in HK.",positive,"fully equipped, comfortable and cozy, beside MTR, near shops and establishments, responsive host",positive,Located beside the MTR with many establishments and stores nearby.,positive,"Fully equipped, comfortable, and cozy.",positive,Ready to answer all questions and would be hired again.
31427826,669198739261970266,2022-07-12,Quite good,positive,"positive experience, satisfactory stay, good value",neutral,No specific mention of location in the review.,neutral,No specific mention of facilities in the review.,neutral,No specific mention of the host in the review.
7701968,155878296,2017-05-29,很棒哟～谢谢款待,positive,"great host, pleasant stay, recommended",neutral,No specific mention of location in the review.,neutral,No specific mention of facilities in the review.,positive,The guest thanked the host for hospitality.
18088216,314580896,2018-08-27,房子与图片一模一样 该有的也有 就是小了点 其他的都还好 阿姨也很好人 和她说了要更换毛巾 她十分热情 挺好的啊！,positive,"accurate listing photos, responsive host, small space, clean towels available, friendly host",neutral,No specific mention of location in the review.,positive,"Accurate to photos and well-equipped, though noted as a bit small.",positive,Friendly and very responsive to requests like towel replacement.
8597565,448270627,2019-05-05,很开心选择住在这里，地理位置佳，且安全。房间干净整洁，住着很舒服,positive,"good location, safe area, clean room, comfortable stay",positive,地理位置佳，且安全,positive,房间干净整洁，住着很舒服,neutral,No mention of host in review
841861496385218857,1075747964943106303,2024-01-24,"Very convenient location close to the Tsim Sha Tsui MTR, had a convenience store right downstairs, and nearby a lot of restaurants. Also walking distance from Avenue of the stars. Host was very helpful and responsive. Mistakenly left our card key inside the room one time when heading out for the day and he immediately responded and had someone get the key for us before we arrived back.",positive,"convenient location, responsive host, near MTR, walking distance to attractions, helpful host",positive,"Very convenient, close to Tsim Sha Tsui MTR, with convenience store downstairs and many restaurants nearby.",neutral,No specific mention of facilities beyond room access with card key.,positive,"Very helpful and responsive, quickly assisted when card key was left inside the room."
4841805,28209113,2015-03-20,Very good location. Small room but value for money. Clean & newly renovated place. But the bed on top has insects.. I got a few insect bites on my legs. Owner should consider changing or cleaning the bed.,neutral,"good location, clean & renovated, value for money, small room, bed bug issue",positive,Very good location.,negative,Small room with bed bugs on top bunk causing insect bites.,neutral,Owner should consider changing or cleaning the bed.
4724498,59815243,2016-01-16,首先我要谢谢Vincent和他partners熱情歡迎，耐心的介紹香港和解決困難。在这间La Boutique住了四个晚上。非常非常的滿意。房间很干淨，很舒服，很新，很簡單的design。可以和五星级酒店比只是房间比較小点。价钱又不贵。他們什么都有为你們準備比如雨伞，乘行李，......。每天都打掃很干淨。樓下很多卖吃很方便。离地铁也不远。总之是十分滿意。下次去香港也要订回这间。,positive,"great host, clean room, near MTR, good value, convenient location",positive,楼下很多卖吃很方便，离地铁也不远。,positive,房间很干净、舒服、新，设计简单，可与五星级酒店相比（只是较小），每日打扫，提供雨伞等物品。,positive,Vincent及其伙伴热情欢迎，耐心介绍香港并帮助解决问题。
13426579,152549254,2017-05-17,房間很好找，下次有機會再入住,positive,"easy to find, convenient location, would stay again",positive,Room was easy to find according to the review.,neutral,No specific mention of facilities in the review.,neutral,No mention of the host in the review.
11085754,256864108,2018-04-24,"Dave and Allison were very helpful before & during our trip, usually responding in a few minutes, so we always felt taken care of. The studio is very petite (a way to experience HK lifestyle) but you get everything  you need. The shower products they provided were of a reliable brand, which is very important for girls! The bed is super comfy and soft so we could get some good rest after a long day. Thank you Dave and Allison :)",positive,"responsive host, comfortable bed, compact studio, good amenities, petite HK experience",neutral,No specific mention of location features or convenience.,positive,Studio is petite but well-equipped with comfortable bed and quality shower products.,positive,"Very helpful and responsive, making guests feel well taken care of."
841849517697394146,1069968267852115691,2024-01-16,房子很不错，交通也方便,positive,"nice apartment, convenient transportation, good location",positive,交通方便 (convenient transportation),positive,房子很不错 (the apartment is very nice),neutral,No mention of host in review
906311410277025031,1022177980918521891,2023-11-11,"Really nice place to stay and in v convenient location. Tube station 10mins walk, loads of bar and restaurants right downstairs and in walkable distance.",positive,"convenient location, near tube station, walkable to amenities, bars and restaurants nearby",positive,Very convenient with tube station 10 mins walk and many bars/restaurants within walkable distance.,neutral,No specific mention of facilities in the review.,neutral,No mention of the host in the review.
5465122,541961106,2019-10-06,"Very accommodating, definitely will recommend this to our friends",positive,"accommodating host, recommended by guest, friendly service",neutral,No specific mention of location in the review.,neutral,No specific mention of facilities in the review.,positive,The host was described as very accommodating.
1108487649843478730,1322252454164092994,2024-12-29,"Está en SOHO en pleno CENTRAL de Hong Kong, la zona más céntrica de la isla de Hong Kong y dónde más ocio, restaurantes, bares y locales hay, todo muy confortable, cómodo y agradable. Muy buena experiencia.",positive,"central location, vibrant neighborhood, comfortable stay, good amenities, near restaurants and bars",positive,"Located in SOHO, Central Hong Kong, the most central area with abundant leisure, restaurants, bars, and venues.",positive,"Everything is very comfortable, convenient, and pleasant.",neutral,No specific mention of the host in the review.
9866718,978692008839131643,2023-09-12,位置：<br/>地理位置优越，临城市主要街道，人流较大，安全性较高。距离地铁站两三分钟路程，公交车站点也很多，交通十分便利。<br/>房东互动：<br/>前台非常友善、热情，有问必答。<br/>卫生：<br/>房间虽小，五脏俱全，也很干净。<br/>独特亮点：<br/>对穷游学生党来说性价比非常高。,positive,"great location near MTR, friendly host, clean room, good value for money, convenient transportation",positive,"Excellent location near main street, 2-3 minutes to MTR, many bus stops, very convenient transportation.",positive,Room is small but well-equipped and very clean.,positive,"Front desk staff is very friendly, enthusiastic, and responsive to questions."
957111442593456528,993202238492452061,2023-10-02,"We really enjoyed our stay at Tristan's place in Mui Wo.<br/>The house is situated within the mui wo villages and there is a quiet, quaint neighbourhood. It was 10 minutes walk from the beach and 20 minutes walk from pier. It was convenient to travel to tai o and tung chung from living here, for Lantau day tour. <br/>Tristan sent us a set of clear instructions two days ahead of the booking and it helped us to find the accommodation easily. Tristan was friendly and allowed us to check in a little bit earlier, giving us some flexibility.<br/>The kitchen is equipped with a rice cooker and some basic cutlery which we found useful. The furniture was clean, new and tidy. <br/>The home is nice and clean and we had a great time.",positive,"quiet neighborhood, walkable to beach and pier, helpful host, clean and tidy, well-equipped kitchen",positive,"Quiet neighborhood, walkable to beach and pier, convenient for Lantau day tours.",positive,"Clean, new, tidy furniture; kitchen equipped with useful appliances like a rice cooker.",positive,"Friendly, provided clear instructions ahead of time, allowed early check-in for flexibility."
6409693,921424032627576545,2023-06-25,位置非常好，出门到旺角地铁站不到几分钟步行时间，房间干净整洁，房东很好沟通人很nice，下次来还会考虑,positive,"near MTR station, clean room, great host communication, walkable location, would stay again",positive,"Very good location, less than a few minutes walk to Mong Kok MTR station",positive,Room is clean and tidy,positive,Host is easy to communicate with and very nice
18830771,516920378,2019-08-25,Amazing location,positive,"amazing location, central area, convenient access",positive,Amazing location.,neutral,No specific mention of facilities.,neutral,No specific mention of the host.
34639683,1314975934043020382,2024-12-19,"Rachel is very friendly and responsive. Their place feels like home, and is very calming, especially if you get to chill at their wonderful rooftop :) They also made an amazing guidebook so you'll get some great ideas as to where to eat/ what to do in Cheung Chau. Thank you, Rachel!",positive,"friendly host, calming atmosphere, helpful guidebook, nice rooftop",positive,Guidebook provides great ideas for eating and activities in Cheung Chau.,positive,Place feels like home with a calming atmosphere and wonderful rooftop to chill.,positive,"Very friendly, responsive, and created an amazing guidebook for guests."
21431266,529550243,2019-09-15,Good place to stay for tour. Close to causeway bay and super convenient for everything. Clean and nice interiors. Helpful stuff and owner responding to request fast. Recommend for short-term tourists.,positive,"clean room, near Causeway Bay, helpful host, convenient location, good for short stays",positive,Close to Causeway Bay and super convenient for everything.,positive,Clean and nice interiors.,positive,Helpful staff and owner responding to requests fast.
26999645,1402619749141357163,2025-04-19,A great stay. Would recommend.,positive,"recommended stay, satisfactory experience",neutral,No specific mention of location.,neutral,No specific mention of facilities.,neutral,No specific mention of the host.
17143583,1085207551131901387,2024-02-06,It was a relaxing stay. Owner allowed me to check out late with a reasonable price so I appreciate it so much.,positive,"flexible checkout, reasonable late check-out fee, appreciative host, relaxing stay",neutral,No specific mention of location in the review.,neutral,No specific mention of facilities in the review.,positive,"Host allowed late check-out for a reasonable price, which was greatly appreciated."
847542988874528302,897529937827182501,2023-05-23,it is a good place in terms of location and quietness. Only concern if the boiler is functioning normally,positive,"good location, quiet, boiler concern, convenient area",positive,Good place in terms of location,negative,Concern about boiler functioning normally,neutral,No mention of host in review
1032356715735053785,1106921991834258230,2024-03-07,Great accommodation!,positive,"great accommodation, recommended stay, satisfactory experience",neutral,No specific mention of location.,positive,Accommodation described as great.,neutral,No specific mention of the host.
6349365,1111304671846922790,2024-03-13,駅の近くで繁華街も近くよかったです,positive,"near station, close to downtown, convenient location",positive,Close to the station and downtown area,neutral,No specific mention of facilities in the review,neutral,No specific mention of the host in the review
830400856825465846,1258369738976112461,2024-10-02,the unit is really nice. we felt so much at home. the building itself is a little bit old tho but the elevator was newly renovated and the neighbors we met along the way are all nice.,positive,"cozy unit, renovated elevator, friendly neighbors, home-like feel",neutral,No specific location details mentioned.,positive,"Unit is nice and home-like; elevator was newly renovated, though building is a bit old.",neutral,Host is not mentioned in the review.
10550230,1140325976492832455,2024-04-22,"It was a small but clean room, good location in Mongkok.",positive,"clean room, good location, Mongkok area, compact space",positive,Good location in Mongkok.,positive,Small but clean room.,neutral,No mention of host in review.
18087060,507751547,2019-08-12,热情好客，10号我在西九龙高铁站坐地铁去尖沙咀，房东提早加了微信给我说具体的路途，在我碰到问题的时候也能迅速地解答，10号晚上在尖沙咀有游行，房东大晚上还特意给我发信息，询问我的安全，让我尽量别出门，为了确保安全，真的很感动。尽管有游行队伍，但是这次行程也还是满意的。唯一不足是我没有找到一次性洗漱用品，房间有点小（不过能理解，可以放行李箱但是不能打开，否则很难走动）床边就是窗户，可以看见楼下的风光，阳光洒下来特别舒服，地铁站也很近，尖沙咀H口出来大概5分钟，对面楼上有火锅店。真的特别满意，充电器转换器也有两个，挺方便的。,positive,"responsive host, near MTR station, good sunlight/view, convenient location, small room",positive,地铁站很近，尖沙咀H口出来大概5分钟，对面楼上有火锅店，位置便利。,neutral,房间有点小，行李箱不能完全打开，但床边窗户风景好、阳光舒服，提供两个充电器转换器方便，但缺少一次性洗漱用品。,positive,热情好客，提前加微信指引路线，及时解答问题，晚上还特意提醒注意安全，非常贴心。
9398290,598828550,2020-01-28,Zoe is very responsive and willingly gives tips to make sure you are comfortable. The place is also ideal it is just beside the MTR.,positive,"responsive host, helpful tips, near MTR, convenient location",positive,"The place is just beside the MTR, making it ideal and convenient.",neutral,No specific mention of facilities in the review.,positive,Zoe is very responsive and willingly gives tips to ensure guest comfort.
17082100,435987784,2019-04-12,"Me and my 2 small daughters had a nice stay. Even though the place is small it is very equipped with everything you need: fridge, kettle, ac, TV etc. The location is great: easy access to the airport, Disneyland, MTR etc. Easy check in experience and fast Internet. Thanks a lot!",positive,"well-equipped amenities, great location for transit, easy check-in, fast internet, family-friendly",positive,"Great access to airport, Disneyland, and MTR.",positive,"Small but very well-equipped with fridge, kettle, AC, TV, and fast internet.",positive,Easy check-in experience and helpful overall.
41600828,1332308648685572340,2025-01-12,Superb host with warm hospitality! Located next to MTR station and walkable distance to wide range to eateries place. Clean place with listed amenities provided. Worth for the money!,positive,"great host, near MTR, clean place, good value, walkable to eateries",positive,Located next to MTR station and within walkable distance to many eateries.,positive,Clean place with all listed amenities provided.,positive,Superb host with warm hospitality.
4436837,255895875,2018-04-22,一是房东，有疑问咨询房东会及时给予答复，虽然面对面就只在出门和回去的时候匆匆交流了一下，但是感受到了小伙子们的热情和幽默风趣。二是房间，麻雀虽小五脏俱全，住起来还是很舒服，毛巾、洗漱用品、吹风机等一应俱全，还可以在前台借充电宝。三是坐标位置，离尖沙咀还是挺近的，走路去维港都不是问题，周围购物、饮食也很方便。有机会再来香港也许还会选择住这里~,positive,"responsive host, well-equipped room, near Tsim Sha Tsui, walkable to Victoria Harbour, convenient shopping/dining",positive,"Close to Tsim Sha Tsui, walkable to Victoria Harbour, with convenient shopping and dining nearby.",positive,"Room is small but well-equipped with towels, toiletries, hairdryer, and access to borrow a power bank.",positive,"Responsive to inquiries, friendly and humorous during brief interactions."
838699069076436593,1341793865556431426,2025-01-25,host was very accommodating and kind to our requests especially with regard to the needs of my mom who's a senior. the cleaning lady was very helpful too! thank you so much!,positive,"accommodating host, helpful cleaning service, senior-friendly",neutral,No specific mention of location in the review.,neutral,No specific mention of facilities in the review.,positive,"The host was very accommodating and kind to requests, especially for a senior guest."
4078286,197582301,2017-09-26,"The place was great to stay at, as pictured, clean, cool lay out,quiet area but easily walkable to everything. Lincoln was an excellent host, very responsive, helpful and reasonable. <br/>Only issue I had was that during weekdays the pool is closed during the day and only opens at night after 5pm according to front desk.",positive,"clean room, responsive host, quiet area, walkable location, pool access limited",positive,Quiet area but easily walkable to everything.,neutral,"Pool is closed during weekdays until 5pm, otherwise clean and as pictured.",positive,"Excellent host, very responsive, helpful and reasonable."
18096001,239489038,2018-03-02,离澳门茶餐厅和兰芳园龙城大药房海港城都很近,positive,"near Macau Restaurant, close to Lan Fong Yuen, near Harbour City, walking distance to attractions",positive,"Very close to popular restaurants, pharmacies, and shopping centers like Harbour City.",neutral,No specific mention of facilities in the review.,neutral,No mention of the host in the review.
18088216,916289399385383727,2023-06-18,"The apartment was right at the heart of Tsim Sha Tsui, and it was convenient to get around to different places. The room was clean but abit on the smaller side (accurate to the listing description and photos). There was housekeeping available and you could switch your towels daily. We appreciated the prompt communication with the host. Would recommend this accommodation and host.",positive,"central location, clean room, responsive host, daily towel service, accurate listing",positive,Right at the heart of Tsim Sha Tsui and convenient to get around.,positive,"Clean room with daily towel service, though a bit small as described.",positive,Prompt communication and appreciated by the guest.
868477717623572749,1126519461770304071,2024-04-03,非常舒適的環境，非常推薦,positive,"comfortable environment, highly recommended, pleasant stay",neutral,No specific mention of location in the review.,positive,The environment is described as very comfortable.,neutral,No specific mention of the host in the review.
880286248297903810,897529016686942387,2023-05-23,"房東姐姐非常Nice,人也很好,位置也蠻好的,交通也很方便,房屋乾淨靚麗！下次還會繼續選擇這個！👌🏻",positive,"friendly host, convenient location, clean accommodation, good transportation access, would stay again",positive,位置蠻好，交通很方便,positive,房屋乾淨靚麗,positive,房東姐姐非常Nice，人也很好
1039461007747208417,1314904142374860991,2024-12-19,Great location to travel around in Hong Kong.,positive,"great location, convenient for travel, explore Hong Kong",positive,Great for traveling around Hong Kong.,neutral,No specific mention of facilities in the review.,neutral,No specific mention of the host in the review.
1065780526744493882,1166404331784459508,2024-05-28,"It was my 2nd time staying at Helen’s in 2024. Helen’s place is as clean and stylish as always, together with the sweet welcoming notes she left me, made me felt like home. On top of the decent view and patio, she has never stopped trying to provide the best experience for the guests. There were lots of optimization, such as more instruction included in the check in message as well as around the house. She is definitely a host that sincerely wish all her guests to have a memorable trip rather than just for the business, will always stay with Helen whenever I visit Hong Kong!",positive,"clean and stylish, great host, decent view and patio, helpful instructions, home-like feeling",neutral,No specific location details mentioned beyond having a decent view and patio.,positive,"Clean, stylish, with a decent view, patio, and helpful instructions around the house.",positive,"Helen provides sweet welcoming notes, continuously optimizes the guest experience, and sincerely wants guests to have a memorable trip."
22888908,1264277689678176243,2024-10-10,ok,neutral,"minimal review, no detail provided, basic feedback",neutral,No comment was made about the location.,neutral,No comment was made about the facilities.,neutral,No comment was made about the host.
