id,name,neighbourhood_cleansed,latitude,longitude,property_type,room_type,price,number_of_reviews,review_scores_rating
103760,Central Centre 5 min walk to/from Central MTR,Central & Western,22.28418,114.15431,Entire rental unit,Entire home/apt,"$1,319.00",316,4.47
248140,Bright Studio - Soho - Central HK,Central & Western,22.28228,114.14923,Entire rental unit,Entire home/apt,$800.00,226,4.9
1922220,Right smack 'n Central Hong Kong!!,Central & Western,22.28335,114.15275,Entire rental unit,Entire home/apt,$647.00,90,4.52
6496401,SW06-courtyard view,Central & Western,22.28808,114.14829,Entire rental unit,Entire home/apt,"$1,975.00",200,4.76
13659241,"Soho Luxury Apt, All New Renos *2B",Central & Western,22.28302,114.1504,Entire rental unit,Entire home/apt,$641.00,3,4.33
15101377,24% off - Cozy Studio Near Subway with Wifi LT4,Central & Western,22.28769,114.14349,Entire rental unit,Entire home/apt,$478.00,76,4.71
17703658,One96 - Full Floor Suite,Central & Western,22.28566,114.15178,Room in hotel,Hotel room,"$1,959.00",39,4.85
19367891,Zen Studio with a Private Rooftop near Central,Central & Western,22.28375,114.14789,Entire rental unit,Entire home/apt,$788.00,124,4.76
19477872,"Soho Luxury Apt, All New Renos *4A",Central & Western,22.28314,114.15247,Entire place,Entire home/apt,$641.00,3,4.33
24749692,SKY STUDIO & Private Balcony,Central & Western,22.28454,114.14988,Entire rental unit,Entire home/apt,"$1,025.00",107,4.9
751817795936982414,Cozy Apartment in HK Island,Central & Western,22.2805001,114.1533679,Entire rental unit,Entire home/apt,,34,4.71
844591583947046972,Fully furnished Soho Flat,Central & Western,22.2838225,114.1521512,Entire rental unit,Entire home/apt,$946.00,42,4.81
884396932432724570,Aura Casa on Peel Street.,Central & Western,22.28387,114.1543,Entire rental unit,Entire home/apt,,24,4.92
905452564463285527,鄰近西營盤港鐵單臥室新裝公寓,Central & Western,22.2870671,114.145893,Entire rental unit,Entire home/apt,,47,4.87
955556580294957080,Central & Stylish HK Apartment with outdoor space,Central & Western,22.28784,114.14027,Entire rental unit,Entire home/apt,"$1,266.00",10,5.0
968032750772868752,Entire Floor + Rooftop in SoHo,Central & Western,22.2819509,114.1536437,Entire rental unit,Entire home/apt,$950.00,47,4.98
968638307257239609,Perfect location new renovation clean modern for 2,Central & Western,22.2840409,114.1520404,Entire condo,Entire home/apt,$836.00,32,4.84
980885923625264869,Convenient designer studio in the heart of SYP,Central & Western,22.28815018795806,114.14331967757492,Entire rental unit,Entire home/apt,$888.00,21,4.76
989439373557647500,2-Bedroom Tai Kwun Gem,Central & Western,22.28165,114.15467,Entire rental unit,Entire home/apt,"$1,500.00",84,4.96
1159039850507842183,1 bedroom walkup flat,Central & Western,22.2875847,114.1430728,Entire rental unit,Entire home/apt,,12,4.42
1174425668585400218,"3 BR Flat in Hollywood Road, Sheung Wan, 6/F!",Central & Western,22.28624,114.14656,Entire rental unit,Entire home/apt,$900.00,9,4.11
1263486880983317490,Bright flat: 5 min to everything,Central & Western,22.284143112087538,114.1516908202236,Entire rental unit,Entire home/apt,,5,4.8
