listing_id,id,date,comments
14750253,1365660072880805733,2025-02-27,"Sam place was at the center, easy to find,  restaurants everywhere, there is a lift and accessible to BUS which is if your going back to airport. I would recommend to stay here again."
7391649,1096130131221300653,2024-02-21,房间非常好，床至少有一米八，干净整洁，卫生间也一应俱全，房间有免费wifi ，有大陆的转换插头，门口有自助的纸巾牙膏牙刷垃圾袋可以用，有微波炉可以热饭。楼下不远就是地铁，住起来非常方便。最重要的是房东Ken人非常好，热心的跟我们介绍房间里的东西使用方法，免费帮我们寄存行李，非常满意，下次来还住这里！
35333864,1072844237928133472,2024-01-20,location very good. but if you use MTR it's not easy bring the big suitcase because no lift or escalator.  recommend use Taxi. near to the temple street you can walk.
2104151,291525570,2018-07-16,单位位置很好，离地铁站很近（大概就在花园街与弼街交界处，入口于水果档背后）附近一应俱全，要乜有乜，无敌顶呱呱！如果价钱可以再优惠点就10星满分了😆
1125650563816924844,1251133166615658827,2024-09-22,非常不错。下次来还会继续选择
18111436,400110762,2019-01-11,화장대 거울이 없는 거 빼고는 홍콩에서 괜찮은 숙소입니당 위치가 진짜 최고!
22617624,1222239073850710098,2024-08-13,"Very happy with our stay here! The only thing to be mindful of is that there was a recent incident in the building that left the lift under repair. Manageable if you don't have heavy bags, we had 15kg bags and managed fine going up to the second level. We arrived at 2am and check in was flexible and self managed. No issues. Once you're in the room you forget the outside world."
1105505662545491313,1222156406818135095,2024-08-13,環境舒適
11853093,449579065,2019-05-07,房间很干净 房东也很好
4436837,56342833,2015-12-12,"Vincent and his friends ( Leo, who welcomed us on the first day) were very welcoming and friendly. They dealt with our enquiries graciously and recommended places for us to eat and routes we should take to sightsee. Vincent was easily contactable through WhatsApp and responsive. <br/>The accomodation was exactly the same as portrayed in the pictures and very comfortable, a good size compared to usual Hong Kong hotel rooms or apartments which can be a little small. The room was well furnished and there was bottled water provided for us daily.<br/>The impeccable service, good housekeeping and pleasant amenities made up for the slightly inconvenient hotel location ( Austin station is on a less popular and accessible MTR line), and I highly recommend this location to anyone looking for a more personal Hong Kong experience."
1377390555959457683,1425882991509787769,2025-05-21,"I had a great stay! The place was clean, comfortable, and just as described. The host was responsive and accommodating, which made everything smooth. We really appreciated the thoughtful touches like the toiletries and fresh towels. Would definitely stay here again. Highly recommended!"
41434281,1341829704551429196,2025-01-25,非常好的旅馆，设计很有格调，房间虽然不大，但床躺两个人还是很足够的。厕所也不小，远超预期
874404711909443163,1304841485207714284,2024-12-05,We enjoyed our stay at Lisa's place. She is very responsive and very helpful. Will definitely recommend her place to our friends and families who are planning to go to HK!😊
962921244450829305,1351190911467577104,2025-02-07,It’s exactly what you pay for. We enjoyed it ✨
5465122,114234145,2016-11-16,Clean and homey
1280846099918208704,1408437793729620447,2025-04-27,Basic accommodation at a prime location. Host is responsive and helpful.
41601412,1182998487795663681,2024-06-20,在房间丢了东西 问房主有没有看见已读不回 下头😅
20585110,463788458,2019-06-04,Great place. It’s small but cute and extremely clean.  Definitely a perfect room for one person!
30798668,1219251759602535398,2024-08-09,"Clean Bath Room, Apartment Easy to reach. <br/>Luggage drop before check in time was really help and advantage for me.<br/>Room is small but worthed affordable price for room with 2 beds / 4 person.<br/>The host always help even though there are limitations in communication using English"
30941011,1295434936959045664,2024-11-22,"The place is located in walkable distance from public train (MTR) around 6-10 minutes in the middle heart of Tsim Tsa Shui. There were some problems but host (Sam) was very kind to solve it all with ease.<br/>I stayed there for 2 nights of 3 people, the bed was quite small it can fit 2 slim people but not larger one in each bedroom.<br/>There are A/C in every room. You can stay comfortably with any weather conditions."
7931794,1220737618360715261,2024-08-11,ホテルは立地もよく、ホストの方はいつも迅速にお返事を下さいました。不安なく利用できて助かりました。ありがとうございました。
4858902,1393265944318272017,2025-04-06,位置很好很方便～合住的大家也特别好
41424960,1388824779795266827,2025-03-31,"This was a great place to stay, right next to the night market and close to the main attractions in the area. The host was nice, and it was perfect for the layover I had in Hong Kong. I would definitely consider coming back."
22024012,1214230083855210284,2024-08-02,全五星评价，非常棒！
