frame,id,x1,y1,x2,y2
0,-1,0.24705886840820312,737.4876708984375,43.43539047241211,835.0770263671875
0,-1,430.0909423828125,382.59765625,464.2799072265625,442.09765625
0,-1,845.2353515625,733.96435546875,880.822509765625,811.31640625
0,-1,758.0218505859375,719.68798828125,791.0,785.09130859375
0,-1,460.83984375,334.773193359375,474.50341796875,373.6044921875
0,-1,494.23834228515625,337.481201171875,513.583984375,394.485595703125
0,-1,447.43988037109375,343.38812255859375,460.23724365234375,375.33929443359375
0,-1,757.81103515625,720.133544921875,793.619140625,850.58056640625
0,-1,506.01263427734375,254.4046173095703,645.8604125976562,488.05364990234375
0,-1,209.26666259765625,393.80511474609375,240.3680419921875,450.8974609375
1,107,846.8192749023438,734.2433471679688,879.8411254882812,805.9299926757812
2,107,847.031005859375,734.4818115234375,879.3674926757812,804.48583984375
2,112,498.8848571777344,447.63818359375,519.81591796875,522.96435546875
2,114,763.2780151367188,720.4002685546875,802.9586181640625,807.892578125
3,107,846.8522338867188,734.3234252929688,879.0987548828125,803.86669921875
3,112,499.19110107421875,448.5599670410156,519.8822631835938,522.9469604492188
3,114,763.3433837890625,720.4198608398438,801.9132690429688,805.3391723632812
3,118,418.2138366699219,395.86572265625,435.1935119628906,441.4482727050781
4,107,846.0443115234375,733.9642333984375,879.1953735351562,805.0189208984375
4,112,499.3028869628906,449.02996826171875,519.9462890625,523.131591796875
4,114,762.56640625,720.49462890625,798.907958984375,800.4580688476562
4,118,417.6148376464844,395.4913330078125,434.9207458496094,441.9303283691406
5,107,845.81298828125,733.794921875,879.108154296875,804.6435546875
5,112,498.94903564453125,448.442626953125,519.762939453125,522.977294921875
5,114,762.0889892578125,720.5156860351562,798.2770385742188,800.1312255859375
5,118,417.34539794921875,395.44122314453125,434.6326904296875,441.8565368652344
6,107,844.9378051757812,733.6265869140625,879.4530639648438,806.6109619140625
6,112,498.5497131347656,447.7599182128906,519.6809692382812,523.1638793945312
6,114,762.1333618164062,720.0869140625,798.1209106445312,799.3694458007812
6,118,417.2115783691406,395.3872985839844,434.4737548828125,441.7600402832031
7,107,845.2572021484375,733.972900390625,879.8853149414062,806.7294311523438
7,112,498.39617919921875,447.19818115234375,519.7525024414062,523.1691284179688
7,114,761.721923828125,719.7852783203125,797.7147216796875,799.3485717773438
7,118,416.9366760253906,395.593505859375,434.17498779296875,441.8757629394531
8,107,847.0040893554688,734.5562744140625,880.8487548828125,805.4774780273438
8,112,498.2967224121094,447.2176208496094,519.7135009765625,523.11962890625
8,114,762.1753540039062,719.7408447265625,799.9442749023438,803.3456420898438
8,118,417.1653137207031,395.6022033691406,434.36773681640625,441.7824401855469
9,107,847.3685913085938,734.7482299804688,880.96923828125,804.8984985351562
9,112,497.901611328125,447.129638671875,519.4766235351562,523.1907348632812
9,114,761.2750244140625,720.1826782226562,800.2616577148438,806.9596557617188
9,118,418.14935302734375,395.7115478515625,435.2799072265625,441.6552734375
10,107,847.7213745117188,734.5601806640625,881.4756469726562,805.0480346679688
10,112,497.3588562011719,447.3489990234375,519.0304565429688,523.2792358398438
10,114,761.3233642578125,720.3430786132812,797.527587890625,801.362060546875
10,118,417.8916320800781,395.69970703125,435.3597106933594,442.5951232910156
11,107,847.6740112304688,734.3311767578125,882.2763671875,806.8438720703125
11,112,496.9738464355469,447.21600341796875,518.7789916992188,522.8069458007812
11,114,763.0617065429688,720.3953857421875,794.52099609375,790.249755859375
11,118,416.4292297363281,396.4406433105469,434.2825012207031,444.6776123046875
11,140,0.6832542419433594,722.0219116210938,32.29060363769531,842.7367553710938
11,39,493.2505187988281,347.54705810546875,513.6492309570312,393.30206298828125
12,107,848.219970703125,734.3572387695312,882.0388793945312,805.22900390625
12,112,497.0032958984375,446.8788146972656,519.33251953125,524.1355590820312
12,114,763.47021484375,720.5462036132812,792.8655395507812,785.7098999023438
12,118,415.2048645019531,396.87603759765625,432.9572448730469,445.583251953125
12,140,0.6974453330039978,723.1463623046875,31.850887298583984,842.0328979492188
12,39,493.4783630371094,346.8902282714844,514.3544921875,394.31365966796875
13,107,848.0664672851562,733.9473266601562,882.0245971679688,805.197998046875
13,114,762.347412109375,720.669677734375,791.0086669921875,784.475830078125
13,118,414.2535705566406,397.0843200683594,431.6260986328125,445.6954345703125
13,140,0.15800981223583221,723.2281494140625,31.21140480041504,841.7536010742188
13,39,493.6708984375,345.9561767578125,514.7867431640625,394.2593688964844
14,107,847.971435546875,733.9397583007812,881.789306640625,804.9598999023438
14,114,761.25390625,720.899169921875,790.5370483398438,786.3726806640625
14,118,414.09307861328125,397.52020263671875,431.1846618652344,446.2583312988281
14,140,0.08430968225002289,724.1280517578125,30.642473220825195,840.7603149414062
14,39,493.634033203125,344.9989013671875,515.015869140625,394.2196044921875
15,107,848.261962890625,734.1192016601562,881.7723388671875,804.52783203125
15,114,762.7988891601562,723.1265258789062,790.944580078125,785.1119995117188
15,118,414.37225341796875,398.2167053222656,431.8146057128906,448.6231384277344
15,140,0.0,724.0416870117188,30.567853927612305,840.7754516601562
15,39,493.70343017578125,345.5318908691406,514.8035888671875,394.1669616699219
16,107,847.8910522460938,734.1473999023438,882.3720703125,807.0191040039062
16,114,762.397216796875,722.0526733398438,792.5120849609375,787.6566772460938
16,118,416.3175964355469,401.1596374511719,433.540283203125,451.07415771484375
16,140,0.11073657125234604,724.0108032226562,30.641603469848633,840.5139770507812
16,39,493.8055419921875,345.46484375,514.8768920898438,394.2199401855469
17,107,847.7544555664062,734.0916137695312,882.2960815429688,807.3198852539062
17,114,763.3638916015625,721.0682983398438,795.0423583984375,789.5010986328125
17,140,0.0,724.3121337890625,30.445890426635742,840.5448608398438
17,39,494.03497314453125,345.4566650390625,515.0671997070312,394.07843017578125
18,107,847.3983764648438,733.7327880859375,882.640625,808.883544921875
18,114,764.1134643554688,721.5279541015625,793.974853515625,784.15673828125
18,140,0.0,723.0162963867188,30.79865074157715,840.8846435546875
18,39,494.3331604003906,347.1756591796875,514.52392578125,393.5036926269531
18,156,423.205322265625,413.0693054199219,440.4156799316406,457.95703125
18,157,763.3228149414062,722.072021484375,803.56982421875,808.832275390625
19,107,847.9761962890625,733.6197509765625,881.931640625,805.8341064453125
19,140,0.0,722.9544677734375,30.45367431640625,840.4319458007812
19,39,494.0963439941406,347.5061340332031,514.3248901367188,393.697998046875
19,156,420.1606140136719,415.97967529296875,438.97381591796875,464.99658203125
19,157,762.56640625,718.482666015625,804.3082275390625,808.443603515625
20,107,847.9303588867188,733.5499877929688,881.6879272460938,805.2465209960938
20,140,0.0,723.2008056640625,30.66728401184082,840.8377075195312
20,39,494.0452575683594,348.1212463378906,514.0284423828125,393.6022033691406
20,156,422.28424072265625,421.3875427246094,440.6080322265625,469.08642578125
20,157,762.4739379882812,718.8334350585938,802.9286499023438,805.83984375
21,107,848.0865478515625,733.5359497070312,881.7197265625,804.88916015625
21,140,0.058075353503227234,723.373046875,30.866960525512695,841.2308959960938
21,39,493.9375305175781,348.02947998046875,513.99462890625,393.5479431152344
21,156,424.3959655761719,425.660400390625,443.3810119628906,475.1653747558594
21,157,763.2534790039062,719.5430297851562,802.527587890625,803.8423461914062
22,107,847.6304931640625,733.5682983398438,882.3121948242188,807.5042114257812
22,140,0.21318845450878143,723.66162109375,30.974079132080078,841.2042236328125
22,39,494.0987854003906,348.0670166015625,514.166259765625,393.3554992675781
22,156,425.4397888183594,431.23681640625,445.6231384277344,484.321533203125
22,157,762.869873046875,720.1549682617188,802.0271606445312,803.7042846679688
23,107,847.0492553710938,733.543701171875,883.01708984375,810.927001953125
23,140,0.4742112159729004,722.2196655273438,31.658512115478516,841.0028686523438
23,39,494.21038818359375,347.4662170410156,514.61083984375,393.3412170410156
23,156,429.3450622558594,438.7308044433594,448.3531494140625,488.9841003417969
23,157,762.5927124023438,721.0123901367188,801.653564453125,803.9129028320312
24,107,846.5149536132812,733.651611328125,882.4415283203125,810.98486328125
24,140,1.1343810558319092,720.2081909179688,32.636390686035156,839.298095703125
24,39,494.556884765625,347.6930236816406,515.0608520507812,393.509033203125
24,157,752.22509765625,719.989501953125,805.1248779296875,835.3284301757812
25,107,846.2896728515625,733.907470703125,882.3639526367188,811.714599609375
25,140,3.4204306602478027,716.5053100585938,35.53422164916992,834.4992065429688
25,39,494.76763916015625,347.9684753417969,515.272705078125,393.4586486816406
25,157,749.491943359375,720.067626953125,805.9871826171875,846.8375854492188
25,165,711.0535888671875,411.7381591796875,732.6166381835938,474.4629821777344
25,114,755.4827270507812,720.982177734375,797.9058837890625,813.6146850585938
26,107,845.2908935546875,734.0392456054688,882.2579345703125,813.9268798828125
26,140,5.727667331695557,715.131103515625,38.935298919677734,832.2589721679688
26,39,495.0150451660156,348.4518737792969,515.4658813476562,393.4803161621094
26,157,748.9190063476562,719.9984130859375,806.535888671875,853.1478881835938
26,114,755.51220703125,720.9032592773438,797.3570556640625,815.3392333984375
27,107,845.9404907226562,734.111083984375,882.651611328125,813.9522705078125
27,140,4.440336227416992,715.6484375,38.097293853759766,831.8712158203125
27,39,495.0968322753906,348.78704833984375,515.5133666992188,393.49249267578125
27,114,757.1566772460938,720.967041015625,796.7484130859375,811.9935302734375
28,107,846.4298706054688,734.1282348632812,882.4993286132812,812.91748046875
28,140,3.86078143119812,715.8614501953125,38.02494812011719,831.5325317382812
28,39,495.04412841796875,348.24285888671875,515.7177124023438,393.4406433105469
28,114,759.5603637695312,720.4168701171875,799.0780029296875,812.5430908203125
28,173,739.2333984375,401.8587341308594,760.998046875,461.54803466796875
28,175,446.8096008300781,449.402099609375,465.9045715332031,511.09344482421875
29,107,846.1726684570312,734.0763549804688,882.6610717773438,814.3364868164062
29,140,3.761707305908203,716.8050537109375,38.48408889770508,831.9354248046875
29,39,494.9768371582031,347.93487548828125,515.799560546875,393.381591796875
29,114,761.8583984375,720.4085083007812,797.8866577148438,805.0761108398438
29,175,446.7873840332031,448.8490905761719,466.1545104980469,511.3664855957031
30,107,846.6526489257812,734.0067749023438,882.5595703125,813.3397216796875
30,140,3.089799165725708,719.7243041992188,39.56373977661133,838.9041748046875
30,39,494.9556579589844,348.2301940917969,515.697021484375,393.48748779296875
30,114,765.67138671875,720.5487060546875,797.100830078125,792.8468017578125
30,175,446.9874267578125,449.1824035644531,466.1524963378906,510.9144287109375
31,107,847.1109008789062,733.8818969726562,882.5665893554688,812.5656127929688
31,140,1.961535930633545,724.8909301757812,38.59202575683594,843.8253173828125
31,39,494.9806823730469,348.4098205566406,515.6253051757812,393.47845458984375
31,114,766.7044067382812,720.2960205078125,796.5833129882812,787.9801025390625
31,175,447.2079772949219,449.51385498046875,466.2693176269531,510.7970886230469
32,107,847.5790405273438,734.0830688476562,882.17626953125,810.9627685546875
32,140,2.4956281185150146,725.0039672851562,39.501625061035156,843.2665405273438
32,39,495.11993408203125,348.76983642578125,515.6726684570312,393.5787658691406
32,114,766.1900634765625,719.0054931640625,800.7626953125,796.5023193359375
32,175,447.39007568359375,450.2290954589844,466.28045654296875,510.59735107421875
33,107,847.3043823242188,733.9927368164062,882.5247802734375,812.7044067382812
33,140,10.317390441894531,717.6948852539062,48.34346008300781,837.556884765625
33,39,495.6650390625,348.880859375,515.429931640625,391.844482421875
33,114,765.11962890625,718.7992553710938,802.1934204101562,801.8073120117188
33,175,447.3240051269531,450.923095703125,465.9847412109375,510.27899169921875
34,107,847.0681762695312,733.9660034179688,883.1461791992188,815.342041015625
34,39,495.3077392578125,348.6224060058594,515.5771484375,392.8082275390625
34,114,764.4307250976562,719.155517578125,804.1614379882812,808.0965576171875
34,175,447.89874267578125,451.0854187011719,466.4179382324219,509.22186279296875
34,191,840.47900390625,377.4757995605469,864.5560913085938,434.7865905761719
35,107,847.380615234375,733.7786254882812,883.0034790039062,814.6588134765625
35,39,495.2270812988281,348.7059326171875,515.6343383789062,393.2734375
35,114,764.3130493164062,718.7001342773438,804.4710083007812,808.5333251953125
35,175,448.33349609375,451.9017333984375,466.70703125,508.897705078125
35,191,850.7373657226562,378.8190002441406,874.3238525390625,434.8810119628906
35,197,817.0260620117188,370.3767395019531,834.3497924804688,430.32965087890625
36,107,846.9405517578125,734.2514038085938,883.32763671875,817.95361328125
36,39,495.0799560546875,348.5723876953125,515.7481689453125,393.8140869140625
36,114,764.0589599609375,718.640380859375,804.4982299804688,810.0147705078125
36,175,449.14166259765625,451.8341369628906,467.4772644042969,507.8431091308594
36,191,862.63037109375,375.98138427734375,886.7084350585938,433.4212951660156
36,197,812.7637939453125,374.35809326171875,830.4523315429688,435.51202392578125
37,107,846.8251953125,734.473876953125,883.465087890625,819.8943481445312
37,39,494.85693359375,348.4339904785156,515.710205078125,394.1007995605469
37,114,763.2322998046875,718.9092407226562,804.08203125,812.5279541015625
37,175,449.2820739746094,451.77154541015625,467.8160095214844,507.5525207519531
37,191,873.9755859375,374.0459899902344,897.8032836914062,431.00531005859375
37,203,781.553955078125,377.71099853515625,800.6380004882812,436.6109619140625
38,107,847.0838012695312,734.396484375,882.6790161132812,817.9762573242188
38,39,494.49700927734375,348.2743225097656,515.3895874023438,394.1179504394531
38,114,766.5870361328125,719.064453125,807.2158203125,810.5513305664062
38,175,449.1352844238281,451.3539123535156,468.0555114746094,507.5221862792969
38,191,884.750732421875,370.0430603027344,908.1535034179688,426.04437255859375
38,203,786.0243530273438,385.0588073730469,805.3785400390625,444.8663635253906
39,107,847.1311645507812,734.5364379882812,881.4972534179688,815.2491455078125
39,39,494.4781188964844,347.9042663574219,515.4503173828125,393.8583068847656
39,114,766.6741333007812,719.0912475585938,806.91162109375,809.1467895507812
39,175,449.03765869140625,451.87225341796875,467.9711608886719,507.4024963378906
39,191,892.0352783203125,366.2456970214844,914.630126953125,420.26593017578125
40,107,846.1278686523438,733.640869140625,881.5806884765625,817.200927734375
40,39,494.984619140625,347.9798583984375,515.7586059570312,393.5403747558594
40,114,765.8265991210938,718.9486694335938,806.6072998046875,810.403564453125
40,175,448.9950866699219,451.8952941894531,468.0597229003906,506.96368408203125
40,191,898.2257080078125,361.7477111816406,921.3621215820312,417.1604309082031
40,218,779.8634033203125,397.89874267578125,796.7015380859375,460.90716552734375
40,173,743.0842895507812,395.1124572753906,765.3526611328125,457.87322998046875
41,107,846.6922607421875,733.1145629882812,882.2353515625,817.615478515625
41,39,495.12457275390625,348.14263916015625,515.859130859375,393.6962890625
41,114,765.7623291015625,718.9825439453125,806.0226440429688,809.12353515625
41,175,449.2828063964844,453.5338134765625,467.9356689453125,506.5057067871094
41,191,906.1829223632812,358.90533447265625,929.2371826171875,414.4154968261719
42,107,847.4662475585938,734.4213256835938,882.0916137695312,817.282958984375
42,39,495.15911865234375,347.9544982910156,515.932373046875,393.7169189453125
42,114,766.7845458984375,719.3773803710938,803.9652709960938,801.9511108398438
42,175,448.65423583984375,451.7227783203125,468.118408203125,506.4902038574219
42,191,916.4959716796875,351.6929626464844,941.3624267578125,411.5780334472656
42,173,743.0878295898438,406.7096862792969,766.3733520507812,473.9397277832031
43,107,845.1279907226562,737.0397338867188,878.3333740234375,814.4754028320312
43,39,495.19732666015625,347.9255676269531,515.9271240234375,393.8442687988281
43,114,769.844970703125,720.7263793945312,809.5333862304688,806.3831787109375
43,175,448.3184814453125,451.0303649902344,468.2991027832031,506.6778869628906
44,107,843.5031127929688,737.7428588867188,877.093994140625,814.0533447265625
44,39,495.23663330078125,348.17919921875,515.8283081054688,394.05047607421875
44,114,768.8135986328125,720.1539916992188,810.2371826171875,808.6361694335938
44,175,448.0414123535156,450.9627990722656,468.23638916015625,506.77276611328125
44,165,714.0325317382812,422.6144714355469,738.3968505859375,495.9472961425781
45,107,845.0923461914062,737.669677734375,879.113525390625,814.9909057617188
45,39,495.0982666015625,348.82037353515625,515.377685546875,394.4540710449219
45,114,766.5228881835938,719.4212036132812,808.5360107421875,809.8184204101562
45,175,448.316162109375,451.5697021484375,468.2414855957031,506.095458984375
46,107,844.891845703125,737.537109375,878.7471313476562,813.4653930664062
46,39,495.0124816894531,348.4117126464844,515.3511962890625,394.0301513671875
46,114,771.2047729492188,719.078369140625,815.5952758789062,811.0586547851562
46,175,448.36773681640625,451.6379699707031,468.3528747558594,505.9208679199219
46,257,147.3997039794922,885.2225952148438,219.67103576660156,1023.5571899414062
46,260,925.5990600585938,384.0827941894531,944.2045288085938,443.576416015625
47,107,846.7642822265625,735.9888305664062,879.9620971679688,810.2711791992188
47,39,495.2358093261719,347.98724365234375,515.650634765625,393.8275451660156
47,114,770.7960815429688,718.8792114257812,816.3425903320312,811.2689819335938
47,175,448.0158996582031,451.51324462890625,468.14752197265625,505.7458190917969
47,265,189.56092834472656,846.5372314453125,262.7254333496094,1006.7839965820312
47,266,249.52244567871094,493.3462829589844,275.7716979980469,563.9014282226562
48,107,845.0211791992188,735.3558959960938,879.5558471679688,811.5052490234375
48,114,766.561767578125,718.8843994140625,811.0274658203125,809.787841796875
48,175,448.2138977050781,451.3938903808594,468.8332824707031,506.5896911621094
48,273,245.4911346435547,815.8604125976562,307.3020935058594,977.1827392578125
48,275,268.260986328125,481.1523132324219,295.28326416015625,549.515625
49,107,845.0950317382812,735.3967895507812,880.0980834960938,812.1522827148438
49,114,763.9585571289062,719.7265014648438,807.8294677734375,810.7689208984375
49,175,448.3564147949219,451.7657165527344,469.06884765625,506.84051513671875
49,278,286.46087646484375,789.6354370117188,343.53546142578125,940.9863891601562
49,281,282.72320556640625,473.2808837890625,313.0555725097656,538.900390625
49,283,621.5738525390625,443.43206787109375,644.2484130859375,524.24658203125
50,107,845.7327270507812,735.5712890625,881.9078979492188,815.5868530273438
50,114,761.2915649414062,720.6175537109375,803.2132568359375,809.8739624023438
50,175,448.20233154296875,451.1263122558594,469.57769775390625,507.5685729980469
50,287,329.72198486328125,765.2305297851562,369.2225036621094,909.1513671875
50,288,302.8331604003906,463.8489685058594,325.843994140625,524.540771484375
51,107,845.3711547851562,735.2318725585938,882.5542602539062,818.0836791992188
51,114,759.9509887695312,721.80615234375,800.5569458007812,809.999267578125
51,175,447.9865417480469,451.3255310058594,469.49615478515625,507.7394104003906
51,292,359.4309387207031,743.5762939453125,406.4483642578125,886.1803588867188
52,107,845.227294921875,734.598876953125,881.8250732421875,816.0647583007812
52,114,759.9462890625,721.5123901367188,800.3829345703125,810.8673095703125
52,175,448.3165283203125,452.6465148925781,469.1767883300781,507.1548767089844
52,302,333.73583984375,440.29632568359375,357.75634765625,501.7601623535156
53,107,845.9715576171875,735.2989501953125,881.750244140625,814.9718627929688
53,114,759.493896484375,720.2867431640625,800.7837524414062,812.8369140625
53,175,448.1901550292969,452.87640380859375,469.237548828125,507.7693786621094
53,203,817.0267333984375,446.3600769042969,839.7025146484375,515.8341674804688
54,107,845.00537109375,735.0108642578125,880.9583740234375,814.2944946289062
54,114,760.2923583984375,719.8225708007812,801.783447265625,813.4917602539062
54,175,447.24395751953125,453.58453369140625,469.22174072265625,511.1805114746094
55,107,843.9727172851562,734.3400268554688,880.8482666015625,815.034423828125
55,114,759.0145263671875,717.6580200195312,801.6709594726562,814.1686401367188
55,175,446.2031555175781,453.29156494140625,468.3739013671875,511.4615173339844
56,107,843.6301879882812,733.9757080078125,881.0355834960938,815.4403076171875
56,114,757.7504272460938,718.2222290039062,799.9705810546875,814.1021728515625
56,175,447.287109375,454.308837890625,469.0769958496094,510.6414794921875
56,336,725.9724731445312,470.94384765625,751.7374267578125,546.970458984375
57,107,843.2542724609375,734.0418090820312,881.2972412109375,816.5823364257812
57,114,756.9983520507812,719.429443359375,798.7703247070312,814.0325317382812
57,175,446.87603759765625,453.96075439453125,468.9454650878906,511.0120544433594
58,107,842.8516235351562,734.3262939453125,881.040283203125,816.749267578125
58,114,757.2352294921875,719.3716430664062,798.5919189453125,812.821044921875
58,175,446.8822021484375,454.1138000488281,468.505859375,509.9861755371094
59,107,844.2916259765625,734.4342651367188,881.2408447265625,813.9722900390625
59,114,761.1434326171875,717.1382446289062,795.0059814453125,791.4525146484375
59,175,448.3476257324219,454.2792053222656,469.77313232421875,509.24078369140625
59,354,533.4390869140625,599.3735961914062,573.0894165039062,712.1196899414062
59,355,576.6007080078125,607.8071899414062,613.5684204101562,714.7353515625
59,356,626.975830078125,506.6024475097656,650.6350708007812,584.3671875
60,107,843.9606323242188,735.0003051757812,880.1062622070312,811.8426513671875
60,114,757.7627563476562,718.3450927734375,796.4219360351562,803.944580078125
60,354,546.7952880859375,589.3890380859375,584.8538208007812,697.6629638671875
60,355,585.90234375,596.9357299804688,621.47021484375,699.7843017578125
60,369,805.9598999023438,410.9630432128906,828.7598876953125,477.5755920410156
61,107,844.0991821289062,735.2297973632812,879.4608764648438,809.364990234375
61,114,756.1864013671875,719.8751220703125,796.6217041015625,809.9850463867188
61,354,565.4989013671875,572.5761108398438,602.7479248046875,678.7899169921875
61,355,599.373779296875,581.17724609375,631.589111328125,675.0234985351562
61,372,368.96966552734375,557.4979248046875,402.40032958984375,661.3486328125
62,107,844.7529907226562,735.289306640625,879.6497802734375,807.70458984375
62,114,755.6143188476562,719.8060913085938,796.4708862304688,811.5387573242188
62,354,579.4624633789062,558.8692626953125,615.7581176757812,662.1402587890625
62,355,616.41943359375,567.37646484375,649.6649169921875,664.5958251953125
63,107,845.4585571289062,735.2620849609375,879.9911499023438,806.47998046875
63,114,756.0081176757812,719.8660888671875,797.3611450195312,812.9911499023438
63,354,592.5178833007812,545.1102905273438,627.4011840820312,644.3377685546875
63,355,632.8654174804688,554.525390625,664.7239379882812,647.819580078125
64,107,845.4168090820312,735.2808837890625,880.5989379882812,807.6739501953125
64,114,757.3413696289062,719.9036254882812,797.539794921875,810.39599609375
64,354,609.5496215820312,531.0549926757812,644.8300170898438,631.8712158203125
65,107,844.08349609375,734.8775634765625,882.5005493164062,814.6561279296875
65,114,755.6151123046875,712.3414306640625,799.7921752929688,812.9534912109375
65,354,626.5552368164062,519.4501953125,660.0928955078125,616.1455688476562
65,393,440.17376708984375,352.7454833984375,477.597900390625,416.05963134765625
66,107,842.1913452148438,735.2527465820312,881.8053588867188,817.1712036132812
66,114,755.7987670898438,717.5300903320312,798.1287841796875,813.9758911132812
66,354,642.592529296875,509.4078674316406,674.5228271484375,602.0872192382812
67,107,841.4246215820312,735.5088500976562,880.8125,816.0368041992188
67,114,757.0100708007812,718.6084594726562,798.3419189453125,814.3579711914062
67,404,214.59071350097656,716.4298706054688,248.86102294921875,832.4832153320312
67,292,370.3779296875,714.4899291992188,407.4886474609375,827.1904907226562
67,369,803.6222534179688,409.4099426269531,825.344482421875,472.2876281738281
68,107,841.93359375,734.583984375,882.2959594726562,817.5293579101562
68,114,758.18994140625,719.6950073242188,797.8242797851562,812.2066650390625
68,407,176.05873107910156,746.6928100585938,211.55584716796875,853.9147338867188
68,287,337.6794738769531,748.4484252929688,372.5382995605469,872.5616455078125
68,354,679.7086791992188,488.6452331542969,708.3699951171875,573.087158203125
69,107,842.9099731445312,734.5962524414062,882.6119384765625,816.585205078125
69,114,758.8170776367188,719.4209594726562,795.9449462890625,806.1567993164062
69,411,131.46170043945312,782.4014892578125,178.16070556640625,915.4237670898438
69,278,288.73443603515625,787.7440795898438,338.5898742675781,923.1814575195312
69,355,704.2528076171875,480.929443359375,733.9533081054688,570.4772338867188
69,369,804.206787109375,409.39215087890625,825.1978149414062,469.48114013671875
70,107,843.4451293945312,735.2864990234375,883.0341796875,817.6505737304688
70,114,765.2391357421875,719.4115600585938,801.4862670898438,802.6469116210938
70,369,804.2998657226562,410.8845520019531,826.1099853515625,472.9847412109375
71,107,844.2411499023438,734.466796875,883.4388427734375,817.0951538085938
71,114,768.7515869140625,719.28759765625,807.8566284179688,806.672119140625
71,369,804.2272338867188,409.9682312011719,825.6568603515625,470.2474365234375
71,257,166.02127075195312,867.5921630859375,229.63807678222656,993.2073974609375
72,107,842.678955078125,733.6692504882812,881.8345336914062,816.9135131835938
72,114,766.8433837890625,720.928466796875,804.4562377929688,803.8853149414062
72,369,804.471435546875,409.74774169921875,825.2855224609375,467.47100830078125
73,107,841.5418090820312,733.016845703125,880.8860473632812,817.017822265625
73,114,765.68896484375,721.2610473632812,802.6222534179688,801.8938598632812
73,369,804.4830932617188,409.700927734375,825.6516723632812,467.8517150878906
74,107,841.7853393554688,733.3222045898438,881.1245727539062,818.0084228515625
74,114,764.4022216796875,721.3048095703125,802.802490234375,805.2398681640625
74,369,804.318359375,409.6427001953125,825.697998046875,467.8442077636719
75,107,841.821044921875,734.0407104492188,880.5153198242188,817.3771362304688
75,114,763.3004760742188,721.270751953125,801.2736206054688,804.71826171875
75,369,803.9437866210938,409.2904357910156,825.7637329101562,468.268798828125
76,107,842.6549682617188,734.5299682617188,880.822265625,817.1106567382812
76,114,762.091796875,720.930419921875,799.7357788085938,804.71484375
76,265,210.59767150878906,861.9297485351562,269.1504211425781,986.3333129882812
77,107,843.2361450195312,735.1777954101562,880.385986328125,815.3984375
77,114,762.5928344726562,721.1932983398438,798.290283203125,800.7935791015625
77,369,803.8418579101562,409.51361083984375,826.3553466796875,470.1863708496094
78,107,844.5686645507812,735.3449096679688,881.0823974609375,814.4395751953125
78,114,763.7958374023438,721.3609619140625,796.1546630859375,792.7854614257812
78,453,61.326480865478516,833.0661010742188,161.04864501953125,977.0538330078125
78,369,804.6632080078125,408.7800598144531,827.3245239257812,469.4428405761719
79,107,842.9089965820312,735.4615478515625,880.1836547851562,815.6082153320312
79,114,761.9342651367188,721.4306640625,796.938232421875,799.6063842773438
79,369,805.1737670898438,408.8130798339844,827.2189331054688,467.1700134277344
79,411,108.10479736328125,786.7139282226562,148.54403686523438,896.53515625
80,107,842.0067749023438,735.9183349609375,879.3953857421875,815.8338623046875
80,114,760.7882690429688,721.2599487304688,798.2134399414062,806.1619262695312
80,369,804.1821899414062,408.86126708984375,827.079833984375,469.3551025390625
81,107,841.1428833007812,736.3827514648438,878.9917602539062,816.4596557617188
81,114,762.866943359375,721.0313110351562,801.4221801757812,808.0091552734375
81,369,803.8841552734375,408.4815979003906,827.0543823242188,469.572021484375
81,462,411.84588623046875,420.2103576660156,427.43548583984375,468.1959533691406
82,107,842.9295043945312,736.2614135742188,880.3436889648438,815.3165893554688
82,114,761.3218994140625,720.4926147460938,799.656494140625,808.7827758789062
82,369,803.655029296875,408.6315612792969,827.0379638671875,470.05633544921875
82,462,413.32293701171875,419.41058349609375,430.0653381347656,470.6275939941406
83,107,843.673828125,736.3656005859375,881.052734375,815.638671875
83,114,762.0574340820312,720.484130859375,799.8684692382812,807.8526611328125
83,369,803.5382690429688,408.72808837890625,827.0093383789062,470.203125
83,462,413.40997314453125,419.2368469238281,430.872314453125,472.1812438964844
83,470,19.355581283569336,730.5848999023438,57.916099548339844,844.4410400390625
83,411,83.83081817626953,726.6376342773438,131.15126037597656,854.5518798828125
84,107,844.1040649414062,736.24755859375,881.2041015625,815.1281127929688
84,114,762.2876586914062,720.4920654296875,798.370361328125,804.0081176757812
84,369,802.4151611328125,408.7243347167969,827.7998657226562,475.4305114746094
84,462,413.4565124511719,420.37335205078125,431.11529541015625,473.2257385253906
84,470,23.858261108398438,761.0086059570312,64.485595703125,880.9456787109375
84,411,81.96534729003906,742.9274291992188,129.92662048339844,872.0737915039062
85,107,844.9932250976562,736.1116943359375,881.7827758789062,814.8199462890625
85,114,762.7705078125,720.4342651367188,797.1598510742188,799.9059448242188
85,369,801.733642578125,408.6042785644531,827.8941040039062,477.6412353515625
85,462,413.484375,420.8514404296875,431.1700439453125,472.9913635253906
85,470,32.14204025268555,795.9560546875,75.19126892089844,922.7787475585938
85,411,81.28179931640625,774.3261108398438,130.9066162109375,908.2351684570312
86,107,845.2236938476562,735.8746948242188,881.7120971679688,814.2467041015625
86,114,764.1931762695312,720.4441528320312,795.10791015625,790.8201904296875
86,369,803.466796875,408.3396911621094,828.1673583984375,474.30645751953125
86,462,413.6739807128906,420.9881896972656,431.0142517089844,471.18560791015625
86,470,33.36216354370117,834.9524536132812,80.4731216430664,973.892822265625
86,453,67.1585464477539,833.8518676757812,167.74681091308594,985.881591796875
87,107,844.8494873046875,736.0101318359375,881.321044921875,814.3617553710938
87,114,764.6438598632812,720.491455078125,798.3154296875,796.4415893554688
87,369,803.4861450195312,408.8678894042969,827.5396118164062,473.2637939453125
87,462,413.5968017578125,421.052734375,431.0660705566406,470.68475341796875
87,470,29.359949111938477,879.14453125,76.74038696289062,1018.0989990234375
87,453,74.51274871826172,861.9832153320312,169.5919189453125,1010.9500122070312
88,107,844.6763305664062,736.0580444335938,881.2918701171875,814.5112915039062
88,114,765.0149536132812,720.2789306640625,796.3761596679688,790.0462646484375
88,369,803.1167602539062,408.869384765625,827.0570678710938,472.9049987792969
88,462,413.3945617675781,421.056884765625,431.23699951171875,470.8375549316406
88,470,27.750789642333984,930.5263671875,64.08760833740234,1024.0
88,453,85.46881103515625,900.8017578125,161.0865936279297,1020.955322265625
89,107,845.1564331054688,736.28271484375,881.5075073242188,814.1806030273438
89,114,765.8167114257812,720.2103881835938,796.1083984375,786.4007568359375
89,369,803.3287963867188,408.84625244140625,827.0159301757812,472.2274169921875
89,462,413.22760009765625,421.07537841796875,431.5883483886719,471.440185546875
90,107,844.92041015625,735.8897094726562,881.379638671875,813.96337890625
90,114,764.2767333984375,720.7159423828125,794.942626953125,787.6353149414062
90,369,803.5368041992188,408.93170166015625,826.9271850585938,471.481201171875
90,462,412.95562744140625,421.0277099609375,431.6725158691406,471.4974060058594
91,107,844.9155883789062,736.2027587890625,881.1925659179688,813.5697631835938
91,114,762.978271484375,720.8695068359375,795.4421997070312,792.0932006835938
91,369,803.5490112304688,408.95947265625,826.8993530273438,471.4158630371094
91,462,412.91339111328125,421.1449279785156,431.877197265625,471.55902099609375
92,107,845.1168823242188,736.5256958007812,881.2564697265625,813.3519287109375
92,114,761.1350708007812,720.6920776367188,797.9058837890625,802.6278076171875
92,369,803.6393432617188,409.1056213378906,826.86083984375,471.1773681640625
92,462,412.4931640625,421.0849304199219,431.8965148925781,471.8113098144531
93,107,844.6162719726562,736.5347290039062,881.02734375,813.6505737304688
93,114,762.4736938476562,720.76416015625,800.6142578125,805.72705078125
93,369,803.7169189453125,409.0232238769531,826.7081909179688,470.37030029296875
93,462,411.9807434082031,421.2516174316406,431.77252197265625,472.08807373046875
94,107,844.8026733398438,736.2999877929688,881.3694458007812,813.755615234375
94,114,763.7260131835938,720.7399291992188,799.1876220703125,799.154541015625
94,369,803.61865234375,408.9965515136719,826.8871459960938,471.0898132324219
94,462,411.6233215332031,421.2351379394531,431.9489440917969,472.6606140136719
95,107,844.8272094726562,736.5369262695312,881.4749755859375,814.1238403320312
95,114,764.0208740234375,720.3717651367188,801.5148315429688,802.8991088867188
95,369,803.3591918945312,409.0091857910156,827.086669921875,472.4365539550781
95,462,411.5128479003906,421.55084228515625,432.1185607910156,472.9153747558594
96,107,845.0856323242188,736.2593994140625,881.70263671875,814.0684814453125
96,114,766.0188598632812,720.2346801757812,799.8519287109375,793.0721435546875
96,369,803.7814331054688,408.80938720703125,827.2049560546875,471.3953552246094
96,462,411.05218505859375,421.27410888671875,432.17877197265625,473.2502746582031
97,107,845.3465576171875,736.0267944335938,881.8370971679688,813.8934326171875
97,114,766.2919311523438,720.16748046875,798.1766357421875,787.5614624023438
97,369,803.8865356445312,408.866943359375,827.118896484375,470.9492492675781
97,462,412.62005615234375,421.6080322265625,433.26446533203125,472.4017028808594
98,107,845.5436401367188,736.0060424804688,881.76953125,813.54541015625
98,114,765.3583984375,719.9265747070312,797.0662231445312,786.7280883789062
98,369,804.2904052734375,409.00286865234375,826.89501953125,469.290283203125
99,107,845.4141235351562,736.0487670898438,881.6417846679688,813.7840576171875
99,114,764.373046875,720.1607666015625,796.7197875976562,788.3506469726562
99,369,804.1222534179688,408.8691101074219,826.504638671875,468.1499938964844
99,487,495.1016845703125,343.8670654296875,517.1769409179688,392.1906433105469
100,107,845.3236694335938,735.9713745117188,881.7335815429688,814.3484497070312
100,114,764.6238403320312,720.5409545898438,802.0565185546875,799.1611328125
100,369,804.0490112304688,409.0598449707031,826.5192260742188,468.31378173828125
100,487,496.69146728515625,345.8525695800781,516.8477783203125,389.9703369140625
101,107,844.50439453125,735.607666015625,881.4030151367188,815.0343627929688
101,114,763.1952514648438,720.9295043945312,802.516845703125,803.5970458984375
101,369,803.9442138671875,409.01483154296875,826.8580932617188,469.47967529296875
101,487,496.985595703125,346.8963317871094,515.7243041992188,387.8847961425781
101,462,415.43994140625,419.21356201171875,435.41644287109375,468.6053466796875
102,107,844.3724365234375,735.7260131835938,880.674072265625,813.5347900390625
102,114,762.9234619140625,720.096435546875,800.0604858398438,797.99462890625
102,369,804.0215454101562,409.1311950683594,826.734130859375,468.95465087890625
102,487,494.91387939453125,347.0455322265625,515.2991333007812,391.50177001953125
102,462,416.099609375,418.6494445800781,436.1461486816406,468.5466613769531
103,107,844.1402587890625,735.7403564453125,880.5902099609375,813.6780395507812
103,114,763.1004028320312,719.8173217773438,800.740966796875,798.2332763671875
103,369,804.1390991210938,409.21002197265625,826.5529174804688,468.0030517578125
103,487,494.3532409667969,347.2413024902344,515.2517700195312,392.63134765625
103,462,417.5100402832031,418.3819885253906,437.3819885253906,468.7723693847656
104,107,843.794677734375,735.7265625,880.6749877929688,814.224853515625
104,114,762.5807495117188,720.8014526367188,802.8914794921875,804.729736328125
104,369,804.193359375,409.33563232421875,826.4055786132812,467.30718994140625
104,487,494.06207275390625,346.7169189453125,514.7786254882812,391.5448913574219
104,462,417.4248962402344,418.90447998046875,436.9170227050781,468.73956298828125
105,107,843.0997314453125,735.4300537109375,880.9288940429688,815.5430297851562
105,114,762.5780639648438,721.4238891601562,805.1566772460938,809.7809448242188
105,369,804.0320434570312,409.3529968261719,826.2506103515625,467.0295715332031
105,487,494.35394287109375,346.6117248535156,515.6182250976562,392.6696472167969
105,462,417.7344970703125,418.7832336425781,436.7779846191406,467.8713073730469
106,107,843.7103271484375,735.57763671875,880.97119140625,814.2096557617188
106,114,762.6825561523438,721.5775146484375,805.4201049804688,809.9629516601562
106,369,804.12890625,409.303955078125,826.2027587890625,466.30914306640625
106,487,494.65081787109375,347.07958984375,515.7013549804688,392.737060546875
107,107,843.82421875,735.6265258789062,881.1234741210938,814.3270874023438
107,114,761.2116088867188,721.3692016601562,802.9260864257812,808.517333984375
107,369,804.1705932617188,409.324951171875,826.2357177734375,466.0361328125
107,487,495.3958740234375,347.11932373046875,515.9899291992188,391.94573974609375
108,107,843.5103759765625,735.6741943359375,880.8218994140625,814.30908203125
108,114,761.3988647460938,721.6723022460938,803.7302856445312,810.4969482421875
108,369,803.5165405273438,409.2394714355469,827.136474609375,470.39190673828125
108,487,495.3262634277344,347.3446044921875,515.91943359375,392.2237854003906
109,107,843.6884155273438,735.912353515625,880.9063720703125,814.3163452148438
109,114,760.2705078125,721.6123657226562,802.4312133789062,811.20166015625
109,369,803.3495483398438,409.0172424316406,827.3951416015625,471.69573974609375
109,487,495.3399963378906,348.3462219238281,515.7374267578125,392.73077392578125
109,516,958.3096313476562,350.1813049316406,976.3060302734375,412.5323486328125
110,107,843.4680786132812,736.145263671875,881.0659790039062,815.2452392578125
110,114,759.804931640625,721.316162109375,801.6174926757812,811.1463623046875
110,369,802.9951171875,409.07525634765625,827.978759765625,475.0084533691406
110,487,495.193359375,348.1762390136719,515.9871826171875,393.43994140625
110,516,958.2020874023438,350.04449462890625,975.4795532226562,409.74212646484375
111,107,842.7711181640625,736.7691040039062,880.11083984375,814.5178833007812
111,114,758.6060180664062,722.89013671875,799.0022583007812,811.4169921875
111,369,803.0086669921875,409.02069091796875,827.9951782226562,475.63995361328125
111,487,495.64947509765625,348.4405822753906,515.9661254882812,392.63494873046875
111,516,955.0930786132812,351.91180419921875,972.4461059570312,411.8403015136719
112,107,842.6293334960938,736.7714233398438,880.2526245117188,814.672119140625
112,114,758.60888671875,721.1709594726562,798.9749145507812,810.9989013671875
112,369,803.0469360351562,409.00762939453125,828.0880126953125,476.55780029296875
112,487,495.5738525390625,348.5438232421875,516.1203002929688,393.3133239746094
113,107,842.416748046875,737.433837890625,879.8870239257812,814.3659057617188
113,114,761.6150512695312,722.45849609375,802.0966796875,812.211669921875
113,369,803.5493774414062,409.06072998046875,827.5368041992188,474.0910949707031
114,107,842.1766967773438,737.2567749023438,880.118896484375,814.62353515625
114,114,760.9638061523438,722.659423828125,801.1483764648438,812.7883911132812
114,369,803.520751953125,409.5290832519531,828.1420288085938,477.1348876953125
114,487,496.0628356933594,349.49725341796875,516.9547729492188,395.8843688964844
115,107,842.8564453125,737.8198852539062,880.5943603515625,814.515380859375
115,114,759.0266723632812,720.5171508789062,797.8584594726562,809.75634765625
115,369,803.1770629882812,409.5011901855469,827.856201171875,478.0643005371094
115,487,495.0247802734375,349.1606750488281,515.7172241210938,395.09515380859375
116,107,843.05224609375,738.094482421875,880.7036743164062,814.3024291992188
116,114,758.49267578125,719.4667358398438,797.9403076171875,812.0912475585938
116,369,803.94970703125,409.3972473144531,826.9901123046875,473.27496337890625
116,487,494.0985107421875,347.6070251464844,514.7337036132812,393.4342956542969
116,538,890.2041625976562,364.34637451171875,904.6602172851562,423.3360595703125
117,114,759.4798583984375,719.2477416992188,797.394775390625,809.4337768554688
117,369,803.8527221679688,409.37799072265625,827.272216796875,474.7144470214844
117,487,493.11083984375,345.2594909667969,514.9570922851562,393.9534912109375
117,540,877.8406982421875,365.65936279296875,896.2308349609375,428.91510009765625
118,114,761.666259765625,719.9411010742188,793.923583984375,795.9325561523438
118,369,804.0333251953125,409.1919250488281,827.2037353515625,474.2576599121094
119,114,761.6138916015625,719.4019775390625,797.0281372070312,803.0083618164062
119,369,804.5684204101562,409.1312255859375,826.4638671875,470.27374267578125
120,114,760.5424194335938,720.998779296875,795.344970703125,804.4810791015625
120,369,804.34619140625,408.8602600097656,826.645751953125,471.17950439453125
120,107,844.1729125976562,737.7391357421875,882.0620727539062,815.1307983398438
121,114,760.1248168945312,722.8159790039062,794.4989013671875,806.4423828125
121,369,805.0367431640625,409.5865478515625,826.2300415039062,468.16400146484375
121,107,844.1546020507812,737.7100830078125,882.3572387695312,816.4188842773438
121,516,946.0645751953125,364.0670471191406,960.496826171875,412.4571533203125
122,114,759.4373168945312,718.2489013671875,795.6995849609375,808.0745849609375
122,369,803.8719482421875,408.6307067871094,826.1630249023438,469.9859619140625
122,107,844.1998291015625,737.5306396484375,882.1686401367188,816.0093383789062
122,563,114.95750427246094,804.8992309570312,160.60659790039062,950.9830322265625
122,565,962.1130981445312,364.17059326171875,980.4143676757812,421.4819030761719
123,114,761.9323120117188,720.9805297851562,798.6210327148438,811.2698974609375
123,369,804.5792846679688,408.8002014160156,826.4189453125,468.89996337890625
123,107,844.43017578125,737.4292602539062,882.3475952148438,816.3292846679688
123,563,121.50732421875,776.9068603515625,165.8982391357422,919.2337646484375
123,565,958.3211059570312,365.3260192871094,977.2567749023438,424.697509765625
123,576,544.5938720703125,501.9975891113281,563.1400756835938,558.3057861328125
124,114,763.101806640625,722.8372802734375,799.7344970703125,812.0765380859375
124,369,804.5676879882812,408.80059814453125,826.9428100585938,470.49237060546875
124,107,844.016845703125,737.3480834960938,882.0989379882812,816.5067138671875
124,563,126.28569793701172,747.313720703125,169.06356811523438,884.70751953125
124,576,545.1503295898438,502.04022216796875,562.7557983398438,555.3682861328125
125,114,761.1375732421875,722.6369018554688,796.7289428710938,809.760498046875
125,369,804.7823486328125,409.05029296875,826.4957275390625,468.57537841796875
125,107,844.072998046875,737.5728149414062,882.235107421875,817.056884765625
125,563,125.12505340576172,719.75439453125,165.52340698242188,849.0453491210938
125,516,937.3802490234375,377.89862060546875,954.9293823242188,436.7928161621094
126,114,760.279052734375,721.8026123046875,796.5159301757812,810.9114990234375
126,369,803.6422729492188,409.3272705078125,824.0718994140625,466.100341796875
126,107,844.255615234375,737.4929809570312,882.4559326171875,817.3355102539062
126,563,120.31952667236328,698.6759033203125,158.81907653808594,820.97412109375
126,592,359.138916015625,872.5704956054688,443.5943298339844,1019.1056518554688
126,516,930.818359375,382.9395751953125,949.04833984375,444.472412109375
126,576,544.358642578125,501.9219970703125,562.600830078125,557.009033203125
127,114,762.67822265625,721.765380859375,796.3356323242188,803.2651977539062
127,369,805.1153564453125,409.0533447265625,825.2060546875,464.5035705566406
127,107,844.618896484375,737.2342529296875,882.64892578125,817.1751098632812
127,563,109.56832885742188,675.1072387695312,145.68821716308594,790.0313110351562
127,592,342.8578186035156,836.133544921875,430.4810485839844,989.316162109375
127,603,898.0018920898438,332.2582702636719,912.9086303710938,378.495849609375
127,576,547.1823120117188,501.95343017578125,562.8709716796875,548.1464233398438
128,114,763.1085205078125,722.1622924804688,794.5740966796875,797.587158203125
128,369,805.2045288085938,409.2442932128906,825.9065551757812,466.1110534667969
128,107,844.8438720703125,737.189208984375,882.833740234375,817.6130981445312
128,563,97.46957397460938,666.8701782226562,133.6189727783203,782.77392578125
128,592,323.5696716308594,791.671142578125,405.91131591796875,937.1243896484375
128,603,897.2021484375,331.1842956542969,912.705322265625,379.333740234375
128,576,546.0117797851562,501.9259948730469,560.955322265625,545.263916015625
129,114,762.9971313476562,722.954833984375,796.3311767578125,802.2950439453125
129,369,804.4317626953125,408.5901794433594,826.4353637695312,468.9143981933594
129,107,844.8441772460938,737.004150390625,882.6806640625,817.5430297851562
129,563,91.80065155029297,665.6325073242188,126.82029724121094,779.1698608398438
129,592,307.51947021484375,754.8189086914062,385.2472839355469,894.0858154296875
129,603,895.5532836914062,331.7723693847656,913.0596923828125,386.1717224121094
129,615,896.7988891601562,407.61419677734375,914.3825073242188,468.5501403808594
130,114,762.8189086914062,723.0057983398438,795.4117431640625,800.3637084960938
130,369,804.1421508789062,406.46624755859375,827.5223999023438,470.5033264160156
130,107,843.7843017578125,737.1011352539062,881.9813842773438,818.319091796875
130,563,90.70991516113281,666.962158203125,125.13139343261719,779.3945922851562
130,592,274.4342346191406,722.2498779296875,346.0852355957031,853.0440673828125
130,603,894.3585815429688,331.5963439941406,912.1563720703125,386.5885314941406
130,619,880.5755004882812,414.86572265625,901.492431640625,480.0449523925781
130,620,536.6061401367188,503.50079345703125,561.8712158203125,565.9664306640625
131,114,763.4214477539062,723.0888671875,796.4022216796875,800.6328125
131,369,802.89111328125,401.4854431152344,830.2964477539062,476.1551818847656
131,107,843.933837890625,737.094482421875,881.9180908203125,817.962158203125
131,563,91.36441802978516,666.7413330078125,125.90193176269531,780.4461059570312
131,603,893.5969848632812,331.0664978027344,911.2212524414062,385.4377136230469
131,620,536.9210815429688,502.5000915527344,562.3655395507812,565.4322509765625
131,624,863.1759033203125,423.0394287109375,882.9239501953125,491.32244873046875
132,114,762.6895751953125,722.9180908203125,797.6137084960938,805.0472412109375
132,107,844.2463989257812,736.9786987304688,882.5816040039062,819.49462890625
132,563,91.9352798461914,666.1585693359375,126.36761474609375,781.03515625
132,603,894.4450073242188,330.3411560058594,911.727783203125,383.7813415527344
132,620,537.1847534179688,501.2244873046875,563.3951416015625,566.1467895507812
132,630,844.1365356445312,430.54388427734375,864.1967163085938,500.5421142578125
133,114,762.1033325195312,722.8134765625,797.628173828125,806.6583251953125
133,107,843.7438354492188,736.7053833007812,881.8241577148438,818.8161010742188
133,563,87.58023834228516,664.3068237304688,121.84839630126953,777.0562744140625
133,620,538.6355590820312,501.34759521484375,564.7981567382812,565.763427734375
134,114,761.6974487304688,722.33447265625,796.7216796875,805.5108642578125
134,107,843.5960693359375,736.6769409179688,881.312255859375,817.8619995117188
134,563,86.96968841552734,654.8848266601562,125.99775695800781,779.0641479492188
134,620,538.8515625,501.3621826171875,565.4986572265625,566.5289916992188
134,645,817.4904174804688,393.97772216796875,840.7965698242188,450.5208740234375
134,646,795.74072265625,448.4634094238281,815.6555786132812,514.8922729492188
135,114,761.6367797851562,722.222412109375,796.3819580078125,805.1675415039062
135,107,844.138427734375,736.8189697265625,881.9248657226562,818.7466430664062
135,563,87.67005920410156,644.2098999023438,124.2877197265625,760.3182373046875
135,620,538.0447387695312,501.67584228515625,564.7032470703125,566.61181640625
135,645,817.1921997070312,393.8065490722656,840.7362060546875,451.0145263671875
135,648,630.24169921875,492.4955749511719,654.4797973632812,574.54150390625
136,114,764.683837890625,721.8038940429688,792.6598510742188,785.9635009765625
136,107,844.3754272460938,736.63232421875,881.61865234375,817.6386108398438
136,563,84.3370361328125,631.4776611328125,119.30908966064453,740.31298828125
136,620,536.2293701171875,502.5306701660156,562.245361328125,566.1259155273438
136,645,817.3872680664062,393.66473388671875,840.8712768554688,450.8039245605469
136,657,613.7581176757812,505.1058654785156,636.2297973632812,588.5053100585938
137,114,764.650146484375,721.6328125,793.111083984375,787.03955078125
137,107,844.8383178710938,736.7139282226562,881.755126953125,817.435791015625
137,620,534.4024047851562,502.2028503417969,560.2202758789062,566.2647705078125
137,645,817.2469482421875,393.5891418457031,840.9672241210938,451.422607421875
137,663,24.045608520507812,633.7853393554688,66.42656707763672,744.2318725585938
137,664,597.5361938476562,515.6975708007812,621.2582397460938,605.6088256835938
137,666,732.8270263671875,476.0193176269531,751.0595703125,543.6749267578125
138,114,765.16796875,721.9144287109375,792.9494018554688,785.7239990234375
138,107,845.292724609375,736.962890625,881.8834838867188,817.4505615234375
138,620,537.1270141601562,501.9333190917969,559.8162231445312,557.9246826171875
138,645,817.3622436523438,393.5000915527344,840.7398071289062,450.5820007324219
138,674,705.919921875,484.9339294433594,728.2149047851562,547.5067749023438
139,114,765.7456665039062,722.1181640625,793.3494262695312,785.3489379882812
139,107,845.9541625976562,737.0985107421875,881.7979736328125,816.1088256835938
139,620,540.2142333984375,502.87286376953125,559.234375,548.3086547851562
139,645,816.882568359375,393.76458740234375,840.1497802734375,450.55914306640625
139,676,557.0409545898438,540.4921875,586.723388671875,641.1358642578125
140,114,765.3546142578125,722.0054321289062,792.9429321289062,785.2918701171875
140,107,846.341552734375,737.174072265625,882.0167236328125,816.009765625
140,645,817.2470703125,393.8931579589844,840.4483032226562,450.6364440917969
140,687,537.6869506835938,561.9616088867188,564.7142944335938,659.3531494140625
140,648,634.714111328125,513.1529541015625,657.5352172851562,590.2412109375
141,114,765.7267456054688,720.6806030273438,795.0971069335938,788.00390625
141,107,845.0724487304688,736.7738647460938,881.023681640625,815.5578002929688
141,645,817.3336181640625,393.9610290527344,840.519775390625,450.77044677734375
141,699,536.7326049804688,502.7220764160156,560.454833984375,567.6099243164062
141,648,632.649658203125,521.7559204101562,656.0418701171875,600.4418334960938
141,657,610.8206176757812,525.908935546875,631.2470092773438,600.8095703125
142,114,765.3530883789062,720.0620727539062,794.7353515625,786.6846923828125
142,107,848.1101684570312,735.5469360351562,883.6961059570312,814.9853515625
142,645,817.4053344726562,393.8303527832031,840.5840454101562,450.7869873046875
142,699,537.6035766601562,501.97869873046875,560.879150390625,565.5189819335938
142,657,607.0703735351562,536.2005004882812,629.89306640625,619.6646118164062
143,114,766.3295288085938,722.9896850585938,797.8077392578125,793.9434814453125
143,107,849.2986450195312,734.22021484375,885.289306640625,815.7556762695312
143,645,817.504150390625,393.89044189453125,840.5856323242188,450.75579833984375
143,699,538.5933227539062,502.3255615234375,561.2571411132812,564.1881103515625
143,676,559.6879272460938,555.5430297851562,582.7857666015625,633.924560546875
144,114,765.7420654296875,723.7345581054688,801.9902954101562,805.5230712890625
144,107,851.0679931640625,731.9850463867188,887.5502319335938,816.1317138671875
144,645,817.3555908203125,393.9886474609375,840.4212646484375,451.00885009765625
144,699,539.31494140625,507.10784912109375,559.8812255859375,562.7710571289062
144,676,553.13623046875,568.85546875,579.0130615234375,656.9021606445312
144,687,529.7146606445312,573.7259521484375,554.202880859375,661.1593627929688
145,114,766.9810180664062,722.9053955078125,804.6015625,808.473876953125
145,645,817.5470581054688,393.86871337890625,840.67431640625,451.4433898925781
145,699,535.483154296875,508.55230712890625,557.6688232421875,568.453857421875
145,687,524.0711059570312,583.845947265625,550.7996826171875,679.234375
145,565,927.8698120117188,369.4241027832031,945.0933227539062,423.4670104980469
146,645,819.2021484375,391.5755920410156,841.5101928710938,447.0247497558594
146,699,530.6683959960938,509.9258728027344,552.9589233398438,570.5826416015625
146,107,854.1884155273438,732.0638427734375,886.2659912109375,805.8878173828125
147,645,824.3923950195312,388.4563293457031,846.3485717773438,443.8622741699219
147,699,528.0059814453125,509.54608154296875,550.1538696289062,570.07861328125
147,745,775.7197875976562,723.8663330078125,832.514892578125,811.5352783203125
147,107,854.8477783203125,731.3075561523438,886.3617553710938,804.4231567382812
147,565,925.443603515625,381.3008117675781,942.7369995117188,435.2383728027344
148,645,828.6306762695312,384.4975280761719,850.287841796875,439.7239685058594
148,699,527.560791015625,514.0701293945312,548.2567138671875,569.5652465820312
148,745,772.6818237304688,723.6156005859375,828.95751953125,810.593505859375
148,107,855.802734375,731.236083984375,886.64013671875,803.29833984375
148,748,561.9849243164062,639.1655883789062,598.536865234375,759.5723266601562
148,538,891.49267578125,384.0827941894531,907.33935546875,443.94622802734375
149,645,833.78173828125,380.1534118652344,854.7188720703125,434.1155090332031
149,699,527.9766235351562,521.2374267578125,547.2697143554688,572.9503173828125
149,745,775.0789794921875,723.5635986328125,832.5546264648438,811.9385375976562
149,748,573.8462524414062,618.5065307617188,609.197509765625,735.0091552734375
149,766,207.09461975097656,456.5148010253906,228.42654418945312,531.7120971679688
149,540,879.3426513671875,388.1571350097656,896.921875,447.8035583496094
149,615,900.4964599609375,397.2231750488281,916.9660034179688,453.2088928222656
150,645,837.6737670898438,376.01422119140625,858.0590209960938,429.2059020996094
150,745,777.3216552734375,722.747802734375,835.700927734375,811.93701171875
150,748,585.1160278320312,595.3494262695312,618.8757934570312,706.3057250976562
150,771,220.6418914794922,446.2417297363281,245.07601928710938,520.66162109375
150,774,534.7872924804688,509.9362487792969,557.5919189453125,564.845703125
151,645,842.2841796875,371.2203063964844,861.279052734375,419.4261474609375
151,745,777.4800415039062,722.5784301757812,836.9428100585938,812.90966796875
151,748,592.0419311523438,576.1903076171875,625.0209350585938,684.793212890625
151,774,533.497802734375,510.2691345214844,555.6463623046875,563.3672485351562
151,777,236.70387268066406,437.90185546875,264.59490966796875,508.55169677734375
152,645,845.7915649414062,367.413818359375,865.390869140625,415.7352294921875
152,745,777.6774291992188,722.5494995117188,837.240966796875,812.29150390625
152,748,604.4325561523438,557.3428955078125,635.55029296875,659.8091430664062
152,774,531.8009643554688,509.812744140625,555.1528930664062,565.6666259765625
152,777,245.5720977783203,430.57513427734375,272.2322082519531,498.1304016113281
152,784,187.93565368652344,894.1107177734375,229.14840698242188,1022.5701293945312
153,645,848.3416137695312,364.9004211425781,868.2667236328125,413.33148193359375
153,745,776.2113647460938,722.0938110351562,836.0656127929688,811.103515625
153,748,619.66943359375,542.5130615234375,649.6412963867188,641.2110595703125
153,774,531.837646484375,509.1429138183594,555.7410888671875,566.1937866210938
153,777,256.56195068359375,419.0999450683594,282.9068908691406,486.02972412109375
153,369,802.2404174804688,418.2289733886719,826.8948974609375,486.40155029296875
154,645,847.51708984375,363.3931579589844,867.44970703125,412.28302001953125
154,745,776.3558349609375,722.0990600585938,837.0101318359375,811.2390747070312
154,748,631.8068237304688,526.8713989257812,660.364501953125,621.7776489257812
154,774,533.4902954101562,509.2837219238281,557.337646484375,565.5990600585938
154,777,270.436279296875,410.1621398925781,295.95037841796875,475.1455383300781
155,645,846.75732421875,363.54736328125,870.9321899414062,422.8864440917969
155,745,777.1746215820312,722.3096313476562,838.3406372070312,811.4666137695312
155,748,647.3673095703125,513.7105102539062,674.6510620117188,605.795654296875
155,774,532.712158203125,506.17578125,558.89453125,567.5042114257812
155,777,288.4977111816406,401.79364013671875,313.5785827636719,466.1946105957031
155,805,388.9448547363281,934.1564331054688,421.3858337402344,1023.3060302734375
156,645,846.4129638671875,362.98931884765625,868.3821411132812,417.3699035644531
156,745,776.8728637695312,723.5032958984375,837.5128173828125,811.0834350585938
156,774,532.3005981445312,506.9044189453125,559.1238403320312,569.0830078125
156,777,307.3126525878906,396.0143127441406,331.64727783203125,458.6884765625
156,813,812.2794189453125,362.6771545410156,826.4954223632812,408.7073974609375
156,666,729.4396362304688,445.1676330566406,748.4297485351562,512.6246948242188
157,645,846.1268920898438,362.8699951171875,867.0284423828125,414.9853210449219
157,745,776.5523071289062,723.5772705078125,836.9124145507812,809.8786010742188
157,774,531.2208862304688,507.02294921875,557.8754272460938,568.5056762695312
157,777,325.05810546875,388.4986267089844,348.924560546875,450.52691650390625
157,813,812.2406005859375,362.2148742675781,826.6443481445312,408.9459533691406
157,666,728.99462890625,456.676513671875,747.7464599609375,524.0985107421875
157,516,872.6121215820312,461.7605285644531,894.6129150390625,532.8102416992188
158,645,845.882568359375,363.2513732910156,866.1316528320312,414.1138610839844
158,745,776.4339599609375,723.5044555664062,837.45361328125,810.109619140625
158,774,530.4052124023438,506.7508850097656,556.7544555664062,566.4920654296875
158,777,346.11029052734375,383.8742370605469,369.2059020996094,444.1292419433594
158,813,812.0032958984375,362.28515625,826.17578125,408.4486999511719
158,748,680.0640258789062,462.6944274902344,700.8649291992188,532.2344970703125
159,645,845.9241943359375,363.11334228515625,865.9894409179688,413.71270751953125
159,745,776.64599609375,723.4890747070312,837.9009399414062,809.9977416992188
159,774,531.5634765625,508.0244140625,557.9420166015625,567.210205078125
159,832,952.9661254882812,699.4863891601562,993.902587890625,779.6826171875
159,619,878.8264770507812,437.2000427246094,901.8773193359375,508.29693603515625
160,645,845.919189453125,363.0647277832031,866.0894165039062,414.26177978515625
160,745,775.5438232421875,723.7645263671875,837.5595703125,810.566650390625
160,774,532.8634033203125,508.7757263183594,559.1337890625,567.25390625
160,813,812.3255615234375,362.46759033203125,826.5423583984375,408.8971252441406
161,645,846.3663330078125,363.6496887207031,865.6417236328125,412.76824951171875
161,745,773.7891235351562,723.663818359375,836.9296875,811.276611328125
161,774,531.066650390625,510.13067626953125,557.0228881835938,568.8933715820312
161,813,812.2990112304688,362.3730163574219,826.510009765625,409.01910400390625
161,664,602.405029296875,497.119140625,624.6090698242188,578.2212524414062
162,645,845.9462280273438,363.9505310058594,865.4630737304688,414.0547790527344
162,745,773.802490234375,723.2557983398438,838.4096069335938,812.251953125
162,774,530.191162109375,509.8619079589844,556.1812744140625,569.8777465820312
162,813,812.6103515625,362.3343811035156,826.68505859375,408.7803039550781
163,645,847.4047241210938,363.722900390625,866.7402954101562,413.8966979980469
163,745,774.3333740234375,722.341796875,840.0550537109375,812.2693481445312
163,774,529.2122802734375,511.61181640625,555.06787109375,572.7235107421875
163,813,812.6646118164062,364.2575988769531,826.2352905273438,408.8330993652344
164,745,772.7513427734375,723.1028442382812,837.1931762695312,812.1265869140625
164,813,810.2789916992188,363.3670959472656,824.4442138671875,409.1477355957031
165,745,771.7553100585938,725.7352905273438,833.2271728515625,812.1411743164062
165,813,809.6639404296875,363.35321044921875,824.0335693359375,409.2475280761719
165,114,776.5008544921875,723.6920776367188,813.08251953125,807.4718017578125
166,813,810.2449340820312,363.3970947265625,824.7354125976562,409.2907409667969
166,875,990.9560546875,385.8319091796875,1010.63232421875,445.4090576171875
166,774,528.3173217773438,510.5711364746094,555.2954711914062,574.7730712890625
167,813,810.8099975585938,363.19720458984375,825.5199584960938,409.4817199707031
167,875,995.4249267578125,383.5262451171875,1013.515869140625,438.2220764160156
167,774,531.0540771484375,514.4293823242188,556.6832885742188,574.5538940429688
167,114,773.0569458007812,690.592529296875,819.8850708007812,802.7149658203125
168,875,996.9896850585938,383.3712463378906,1013.3032836914062,431.805419921875
168,889,960.5299072265625,373.03094482421875,979.6642456054688,428.67266845703125
168,687,476.13104248046875,647.7855834960938,508.842529296875,757.9669799804688
169,897,492.8365783691406,345.29071044921875,514.5751953125,393.3469543457031
169,645,853.380615234375,362.07720947265625,870.7764282226562,407.43841552734375
170,897,492.2359924316406,339.683837890625,516.77734375,394.06964111328125
171,897,491.7477111816406,337.11480712890625,517.6307373046875,394.74566650390625
171,832,958.9161376953125,681.0523071289062,1007.6483764648438,780.9500122070312
172,897,491.3858337402344,335.5735778808594,517.8986206054688,394.92352294921875
173,615,904.4551391601562,375.8815612792969,922.3908081054688,434.0301208496094
174,784,181.61761474609375,833.949951171875,229.63954162597656,985.3560180664062
175,-1,126.78438568115234,886.0570068359375,176.99301147460938,1023.3206787109375
175,-1,798.25341796875,336.0661926269531,816.5623779296875,385.2943420410156
175,-1,169.90316772460938,913.94287109375,219.33560180664062,1023.50732421875
175,-1,416.7578125,652.602783203125,450.8160400390625,723.1832275390625
175,-1,922.5706176757812,366.4245910644531,943.4085083007812,427.3138122558594
175,-1,811.4132080078125,338.5987548828125,825.7196044921875,383.4063720703125
175,-1,493.202392578125,338.8365173339844,512.89892578125,391.7226867675781
175,-1,451.9117431640625,338.694091796875,466.8973388671875,373.226806640625
175,-1,497.90838623046875,335.94732666015625,517.4046020507812,389.84429931640625
175,-1,461.3815612792969,336.8078308105469,474.6769104003906,371.5841369628906
175,-1,453.1107177734375,338.3934631347656,470.966064453125,375.4450378417969
176,-1,56.46473693847656,943.4683837890625,108.57496643066406,1023.7288818359375
176,-1,117.03209686279297,981.857421875,159.5955810546875,1023.49169921875
176,-1,356.40362548828125,700.6944580078125,388.22198486328125,772.3326416015625
176,-1,826.8018798828125,335.21405029296875,848.2984619140625,384.25030517578125
176,-1,935.244384765625,365.6802978515625,954.78564453125,420.7220458984375
176,-1,493.14697265625,338.57403564453125,512.4357299804688,390.286865234375
176,-1,213.2642364501953,394.7328796386719,239.4481658935547,446.8474426269531
176,-1,451.147705078125,339.75408935546875,463.16436767578125,371.32257080078125
176,-1,462.18414306640625,336.3515625,474.96734619140625,370.61962890625
176,-1,498.699462890625,335.39447021484375,516.9808349609375,379.08843994140625
176,-1,193.6129913330078,401.587158203125,210.8009490966797,442.2857666015625
176,-1,432.232177734375,415.79888916015625,446.69970703125,463.91961669921875
177,-1,244.31509399414062,734.9967041015625,289.1737365722656,820.2430419921875
177,-1,860.157958984375,334.32147216796875,875.757568359375,383.36529541015625
177,-1,848.1424560546875,335.888671875,863.6456298828125,383.3155517578125
177,-1,209.82565307617188,395.4940185546875,238.82998657226562,452.1705322265625
177,-1,460.61602783203125,337.36956787109375,474.88836669921875,374.03692626953125
177,-1,446.92291259765625,342.36077880859375,459.4918212890625,374.08856201171875
177,-1,492.93255615234375,342.4505615234375,512.7685546875,390.929931640625
177,-1,499.30841064453125,336.57501220703125,517.5106811523438,378.11199951171875
178,-1,141.65267944335938,727.0440063476562,190.17822265625,821.0090942382812
178,-1,875.7561645507812,330.908935546875,889.0630493164062,381.6142578125
178,-1,879.6016235351562,331.4603576660156,898.3661499023438,382.4697570800781
178,-1,461.92431640625,336.270263671875,474.56787109375,369.10205078125
178,-1,210.89190673828125,394.6070556640625,239.07672119140625,447.542724609375
178,-1,493.19110107421875,343.45196533203125,512.4406127929688,390.26910400390625
178,-1,447.70556640625,342.958740234375,459.5887451171875,374.6024169921875
178,-1,499.36181640625,337.60845947265625,517.219482421875,384.65838623046875
179,-1,96.92202758789062,703.019287109375,139.26263427734375,795.60009765625
179,-1,895.1270751953125,331.329833984375,914.2852783203125,380.38104248046875
179,-1,976.7208251953125,349.2410888671875,994.6512451171875,407.038330078125
179,-1,910.754638671875,330.2019348144531,924.93505859375,379.0570373535156
179,-1,447.4875793457031,343.5265808105469,459.9236145019531,373.8902893066406
179,-1,461.95697021484375,336.4986572265625,474.62396240234375,368.429931640625
179,-1,493.3121337890625,343.9261779785156,511.92529296875,389.9798278808594
179,-1,432.09344482421875,415.76812744140625,446.38922119140625,464.18817138671875
179,-1,499.60638427734375,337.598388671875,517.185791015625,383.3897705078125
179,-1,210.44989013671875,394.6142578125,239.94119262695312,445.9261474609375
180,-1,63.29280090332031,665.4588623046875,99.84016418457031,748.2125244140625
180,-1,921.1801147460938,328.3179626464844,935.6521606445312,377.3113708496094
180,-1,934.2137451171875,328.5406799316406,949.9195556640625,380.3952331542969
180,-1,431.80596923828125,415.49981689453125,446.34991455078125,462.78167724609375
180,-1,493.56109619140625,343.5732421875,513.6781616210938,394.913330078125
180,-1,497.9766845703125,338.061279296875,516.8291015625,392.08563232421875
180,-1,315.4169921875,417.61016845703125,330.1046142578125,465.87115478515625
180,-1,928.016845703125,328.8746337890625,944.04296875,378.96478271484375
180,-1,448.146240234375,344.46728515625,460.3995361328125,373.742431640625
180,-1,463.05865478515625,333.93353271484375,474.48394775390625,367.57623291015625
180,-1,932.935302734375,342.88665771484375,951.306884765625,380.07501220703125
181,969,431.8572692871094,415.80218505859375,446.3713073730469,462.9710998535156
182,-1,959.7452392578125,324.3111572265625,975.5711669921875,372.2579345703125
182,-1,493.0343017578125,340.462158203125,513.3470458984375,394.02813720703125
182,-1,497.72003173828125,335.9421081542969,517.0714721679688,391.3779602050781
182,-1,974.8240966796875,326.2830505371094,989.8994140625,370.3545837402344
183,-1,978.2178955078125,317.4700927734375,995.5860595703125,369.0068359375
183,-1,493.0244140625,339.7902526855469,513.662109375,393.9731140136719
183,-1,999.3077392578125,313.89459228515625,1045.7384033203125,419.97247314453125
183,-1,497.53143310546875,335.8563232421875,517.2745971679688,391.2996826171875
183,-1,451.3343200683594,340.99774169921875,466.1632995605469,370.92510986328125
183,-1,991.2181396484375,321.05279541015625,1005.5904541015625,367.67535400390625
183,-1,978.5838012695312,307.0919189453125,1002.4304809570312,368.6981201171875
184,-1,987.3185424804688,365.6246337890625,1009.9581909179688,428.3424072265625
184,-1,493.51104736328125,340.4520568847656,514.4165649414062,395.0027770996094
184,-1,497.5721435546875,335.7803955078125,517.1658325195312,391.4295654296875
184,-1,959.6866455078125,312.7388916015625,983.8990478515625,354.677734375
185,977,983.8801879882812,372.67584228515625,1006.0977783203125,434.1974792480469
186,977,979.4020385742188,380.9610900878906,1002.7464599609375,445.5718078613281
187,977,971.9066772460938,391.9493103027344,996.7931518554688,460.97528076171875
188,977,960.9744873046875,402.72332763671875,986.4152221679688,473.5210266113281
189,-1,937.6433715820312,416.44122314453125,961.2526245117188,483.78387451171875
189,-1,838.9171142578125,321.47283935546875,863.7247314453125,372.00823974609375
189,-1,459.34454345703125,331.85992431640625,475.89532470703125,371.34075927734375
189,-1,504.8109130859375,328.59088134765625,521.773681640625,359.25201416015625
189,-1,446.4650573730469,339.96234130859375,459.3663024902344,386.31414794921875
189,-1,460.0111389160156,331.8306884765625,479.5403747558594,382.476318359375
190,-1,903.3797607421875,428.44110107421875,932.8797607421875,498.20648193359375
190,-1,813.36669921875,323.24310302734375,834.22119140625,374.92218017578125
190,-1,459.4392395019531,331.8507080078125,477.9855651855469,376.734130859375
190,-1,423.054931640625,416.9678955078125,439.63494873046875,470.118408203125
190,-1,446.736572265625,337.68951416015625,459.57879638671875,386.59136962890625
190,-1,493.088134765625,347.9064636230469,514.4532470703125,395.0906066894531
191,-1,864.36572265625,436.89605712890625,895.53271484375,510.417724609375
191,-1,785.2102661132812,327.865234375,808.4639282226562,378.337646484375
191,-1,446.05865478515625,329.0975341796875,464.76922607421875,386.5181884765625
191,-1,424.047119140625,416.39990234375,441.07794189453125,469.661376953125
191,-1,493.22406005859375,347.79132080078125,514.2855224609375,395.13958740234375
191,-1,445.8018798828125,330.20172119140625,472.6357421875,386.32275390625
191,-1,460.14129638671875,332.55804443359375,475.0833740234375,368.92706298828125
192,-1,831.0587158203125,448.8582763671875,858.3128662109375,519.8770141601562
192,-1,423.22283935546875,414.8424072265625,441.26971435546875,470.75592041015625
192,-1,510.7347412109375,326.0294189453125,523.79638671875,356.661865234375
192,-1,493.228271484375,349.0213317871094,512.9035034179688,394.0222473144531
192,-1,462.22039794921875,335.5560302734375,474.94329833984375,360.657958984375
192,-1,435.739013671875,342.6627197265625,452.7454833984375,384.579833984375
193,-1,729.417724609375,332.27398681640625,752.947998046875,383.55462646484375
193,-1,493.18963623046875,348.29498291015625,513.7086791992188,394.42889404296875
193,-1,423.4615173339844,413.2093811035156,444.6100158691406,470.2910461425781
193,-1,462.23138427734375,335.429931640625,475.3487548828125,361.56005859375
193,-1,462.56939697265625,339.1787414550781,481.46856689453125,380.9774475097656
193,-1,210.57818603515625,393.9317626953125,239.19821166992188,435.2730712890625
194,994,493.0940856933594,348.0865783691406,513.7384033203125,394.50115966796875
195,994,493.3944396972656,348.78857421875,513.9124755859375,394.895263671875
196,994,493.8540344238281,349.431640625,514.186279296875,395.0119934082031
197,994,493.43359375,349.56732177734375,513.6576538085938,394.8900146484375
198,994,492.3589782714844,348.4062194824219,513.2525634765625,395.3950500488281
198,784,167.9361572265625,831.9951782226562,202.01800537109375,926.2522583007812
199,994,491.86865234375,347.4384460449219,513.0284423828125,395.0831604003906
200,994,492.0098571777344,346.43402099609375,513.3947143554688,394.75384521484375
200,687,397.04156494140625,727.3408203125,430.1446838378906,821.4743041992188
201,994,490.4683532714844,344.04876708984375,514.7822265625,399.91748046875
202,994,491.7698059082031,344.0477294921875,514.599853515625,396.88055419921875
203,994,492.8081970214844,343.80999755859375,513.37353515625,391.25091552734375
204,994,492.68994140625,343.62518310546875,513.6571044921875,391.9465026855469
205,994,492.806640625,344.2108154296875,513.5481567382812,391.8631591796875
206,994,492.96832275390625,343.9773254394531,513.9113159179688,392.1781921386719
207,994,492.8033447265625,343.5338439941406,513.2241821289062,390.7422180175781
208,994,491.8438415527344,337.11279296875,515.2614135742188,392.1305847167969
208,1038,91.3470458984375,810.489013671875,133.90794372558594,928.0018920898438
208,1039,39.18033218383789,807.1749877929688,89.15026092529297,937.5903930664062
209,994,492.13006591796875,338.86029052734375,515.147216796875,393.2160339355469
209,1038,82.51988220214844,781.0144653320312,124.39056396484375,896.56005859375
209,1039,36.86042022705078,775.2186279296875,87.78732299804688,908.5949096679688
209,1045,971.3939208984375,347.99224853515625,994.6984252929688,400.5429992675781
210,994,491.1910095214844,335.7684631347656,514.70166015625,392.3701171875
210,1038,74.17530059814453,744.2340698242188,114.46329498291016,855.3328247070312
210,1039,35.00162887573242,740.440185546875,81.84442901611328,863.3775024414062
211,1038,70.1556167602539,714.6304931640625,108.54669952392578,820.2183837890625
211,1039,27.47260093688965,707.539306640625,72.66302490234375,826.980224609375
211,1045,974.1057739257812,362.4230041503906,996.2235717773438,412.4954833984375
212,1038,68.55445098876953,688.8796997070312,105.37454986572266,790.2491455078125
212,1039,18.795129776000977,686.5050659179688,61.347930908203125,799.4114990234375
212,1045,969.8765258789062,367.3553466796875,991.8491821289062,417.59893798828125
213,1038,57.15950393676758,666.4469604492188,92.24100494384766,762.9652709960938
213,1039,3.7650294303894043,666.6871337890625,44.11524963378906,773.8078002929688
213,1045,964.74462890625,371.7933654785156,987.0745239257812,423.1103515625
214,1039,0.0,654.8419799804688,31.109750747680664,756.61962890625
214,1045,956.7234497070312,374.90643310546875,979.734130859375,428.2561950683594
215,1045,949.476318359375,377.3060302734375,973.4511108398438,433.49560546875
216,1045,942.7203979492188,381.2422180175781,966.9241943359375,438.5720520019531
216,1071,926.0582885742188,379.75592041015625,944.6185913085938,437.7909851074219
216,1074,898.7313232421875,376.39288330078125,914.9962158203125,429.29339599609375
217,1045,936.4103393554688,385.1891784667969,961.0958251953125,444.206298828125
217,1074,893.5936889648438,377.41845703125,911.0657958984375,434.1634216308594
217,1076,0.0,744.7688598632812,21.997526168823242,851.8778076171875
218,1045,930.7337646484375,390.5744323730469,955.9103393554688,451.8633117675781
218,1074,887.4737548828125,382.7064208984375,905.2581787109375,440.3511657714844
218,1080,914.1244506835938,389.6930236816406,931.7220458984375,447.9635009765625
219,1045,927.0759887695312,396.7650146484375,951.8233642578125,458.0616760253906
219,1074,880.997314453125,386.50286865234375,899.0534057617188,444.93170166015625
219,1080,909.2454223632812,394.8084716796875,927.1080932617188,453.92071533203125
220,1045,925.913818359375,402.46319580078125,950.4987182617188,464.47283935546875
220,1074,871.7704467773438,391.8303527832031,890.5150756835938,452.4861145019531
220,1080,903.7303466796875,399.95587158203125,922.8632202148438,462.98748779296875
221,1045,922.8326416015625,409.7068176269531,947.3494873046875,472.15704345703125
221,1074,864.8695068359375,396.2325134277344,883.7500610351562,457.50518798828125
221,1080,897.2371215820312,408.9586486816406,916.5865478515625,472.0439147949219
221,994,494.7049255371094,347.971923828125,513.5867309570312,392.21649169921875
222,1045,915.5693359375,415.8276672363281,941.1015014648438,481.6416931152344
222,1074,859.5298461914062,400.597900390625,879.2321166992188,464.7092590332031
222,1080,889.1259155273438,416.2542724609375,909.066162109375,480.7252502441406
222,994,494.32867431640625,350.37030029296875,512.9224243164062,392.6631774902344
223,1045,913.2739868164062,423.5923767089844,939.469970703125,491.32025146484375
223,1074,852.6607055664062,408.2228698730469,872.4900512695312,472.9156188964844
223,1080,880.539794921875,422.6549987792969,900.8931884765625,487.88323974609375
223,994,494.6285400390625,351.2334289550781,513.353271484375,392.7550964355469
224,1045,913.4628295898438,429.3278503417969,940.3799438476562,498.3127136230469
224,1074,843.6323852539062,413.70306396484375,864.2863159179688,481.3341369628906
224,1080,876.2947387695312,428.412841796875,898.2874755859375,497.7340087890625
224,994,495.30303955078125,350.4928283691406,514.5097045898438,392.84197998046875
225,1045,908.8964233398438,434.8310546875,936.412109375,505.15325927734375
225,1074,834.1447143554688,420.5691833496094,855.2238159179688,489.29229736328125
225,1080,871.5913696289062,435.9235534667969,893.596923828125,504.5439758300781
225,994,494.5509338378906,346.880126953125,515.3983764648438,392.89544677734375
226,1045,904.56005859375,438.7221374511719,931.8643798828125,508.2412109375
226,1074,826.4564208984375,426.9488525390625,848.4833984375,498.2021789550781
226,1080,870.6038208007812,440.9906921386719,892.9116821289062,509.9509582519531
227,1045,903.4031982421875,440.3730773925781,930.3948974609375,509.583251953125
227,1074,820.8308715820312,432.4639587402344,843.484375,505.8081359863281
227,1098,27.41813850402832,672.1248779296875,67.54542541503906,774.8789672851562
228,1045,903.5260620117188,440.82611083984375,930.6715698242188,511.5939025878906
228,1074,820.1029052734375,436.1048278808594,842.623046875,508.9888916015625
229,1045,903.2554321289062,440.7497253417969,930.1527709960938,511.5547790527344
229,1074,816.3934326171875,436.682373046875,839.8134155273438,510.96844482421875
230,1045,907.8087768554688,442.3160705566406,934.3125610351562,512.1122436523438
230,1074,813.3735961914062,436.93023681640625,837.369384765625,511.74224853515625
230,994,494.4764404296875,347.9084777832031,515.5866088867188,394.36138916015625
231,1074,814.4324340820312,437.42864990234375,838.3392333984375,511.9383544921875
231,994,494.4804992675781,347.54034423828125,515.908935546875,394.5837707519531
232,1074,815.4960327148438,437.9914855957031,839.2928466796875,511.3642272949219
232,994,494.8302307128906,348.1733703613281,516.0654907226562,394.63238525390625
233,1074,816.8079223632812,437.727294921875,840.66650390625,510.7933044433594
233,994,494.8663330078125,348.07672119140625,516.205078125,394.7035217285156
234,1074,817.3785400390625,437.5485534667969,841.4769287109375,510.8953857421875
234,994,494.7982177734375,348.3338928222656,516.0947265625,394.7227478027344
235,1074,817.8506469726562,437.4629211425781,842.1849975585938,510.9475402832031
235,994,494.59783935546875,348.4842529296875,515.916015625,394.8123779296875
235,1098,26.599620819091797,687.5712890625,64.05841827392578,783.7235717773438
236,1074,818.3112182617188,437.4454650878906,842.7532958984375,510.8013000488281
236,994,494.6978454589844,348.6885070800781,515.7862548828125,394.3573303222656
237,1074,818.5042724609375,437.62078857421875,843.0161743164062,510.6665344238281
237,994,494.56036376953125,348.81829833984375,515.6664428710938,394.2318115234375
237,1120,798.8379516601562,450.75372314453125,812.4715576171875,506.9178771972656
238,1074,818.7822875976562,437.81512451171875,843.317626953125,510.46746826171875
238,994,494.68426513671875,349.0917663574219,515.701171875,394.1951904296875
238,1120,796.53173828125,451.4469909667969,810.2492065429688,507.883056640625
239,1074,818.8707275390625,437.826171875,843.49462890625,510.2870788574219
239,994,494.8635559082031,348.93719482421875,515.8250732421875,393.9013671875
239,1120,795.7730102539062,451.64813232421875,809.4967041015625,507.81231689453125
240,1074,819.3689575195312,437.9761657714844,843.9569702148438,509.79034423828125
240,994,494.83404541015625,349.1097106933594,515.4974365234375,393.3484802246094
240,1120,795.7445678710938,453.11688232421875,809.1920776367188,507.5321044921875
241,1074,819.6923217773438,438.0831604003906,844.2985229492188,509.5044860839844
241,994,494.837646484375,349.2384033203125,515.3099365234375,393.0356140136719
241,1120,796.8388061523438,453.3409423828125,810.3258666992188,507.1858215332031
242,1074,819.8930053710938,438.0030517578125,844.6146850585938,509.42767333984375
242,994,494.5682373046875,348.9007568359375,515.2685546875,393.2019348144531
242,1120,796.9515991210938,452.440673828125,810.8550415039062,507.185791015625
243,1074,820.0440063476562,437.993408203125,844.8886108398438,509.49517822265625
243,994,494.3753967285156,347.5996398925781,515.7183837890625,393.3163146972656
243,1120,795.0532836914062,452.2518005371094,809.1569213867188,507.0480651855469
244,1074,819.9786987304688,437.8898620605469,844.974853515625,509.5869445800781
244,994,494.4508972167969,347.08099365234375,515.9609985351562,393.28155517578125
244,1120,794.43408203125,451.7908630371094,808.78125,507.0036926269531
244,1098,36.59033203125,700.5130615234375,69.57653045654297,780.1746826171875
245,1074,819.9255981445312,437.7464294433594,845.0250854492188,509.585205078125
245,994,494.4104309082031,348.07403564453125,515.5841064453125,393.42852783203125
245,1120,792.1116333007812,451.1255187988281,806.787353515625,506.07244873046875
246,1074,820.23486328125,437.7181396484375,845.2943725585938,509.0431823730469
246,994,494.4660949707031,348.4787292480469,515.7550048828125,394.27001953125
246,1120,784.5856323242188,449.2410583496094,799.8779907226562,504.0008239746094
247,1074,820.3263549804688,437.66143798828125,845.503662109375,508.957763671875
247,994,495.0838623046875,349.2185363769531,516.0426025390625,394.1404113769531
248,1074,820.2297973632812,437.4584655761719,845.5185546875,508.78875732421875
248,994,494.9423522949219,348.80718994140625,516.2770385742188,394.54571533203125
249,1074,820.0692749023438,437.3939208984375,845.3877563476562,508.6556396484375
249,994,494.9296569824219,349.39691162109375,516.48291015625,396.2311706542969
250,1074,820.149169921875,437.3368835449219,845.38671875,508.1480712890625
251,1074,820.1551513671875,437.2629089355469,845.489501953125,508.10052490234375
251,994,494.3894348144531,348.8299255371094,515.4755249023438,394.9274597167969
252,1074,819.6098022460938,437.09735107421875,845.4138793945312,508.7387390136719
252,994,493.9282531738281,348.0792236328125,514.8553466796875,393.8083190917969
253,1074,819.2557373046875,436.60052490234375,845.302001953125,508.943115234375
253,994,494.18634033203125,348.3551940917969,514.9219360351562,393.7113037109375
254,1074,818.78369140625,436.53955078125,845.0853881835938,509.24072265625
254,994,495.1610107421875,348.1070861816406,513.596923828125,387.8228759765625
255,1074,818.7298583984375,436.68267822265625,845.0953979492188,509.2287902832031
255,994,491.7108459472656,347.3078918457031,514.432861328125,397.69403076171875
255,1120,766.0906372070312,451.177734375,781.1847534179688,503.1063537597656
256,1074,818.6854858398438,436.4478759765625,845.1907348632812,509.1143798828125
256,994,495.1184387207031,347.15142822265625,513.4386596679688,386.5988464355469
257,1074,818.7744140625,436.4622497558594,845.361328125,509.14361572265625
257,994,495.720458984375,347.7442321777344,513.171875,384.8287658691406
258,1074,819.7669067382812,436.276123046875,846.4122314453125,508.568115234375
258,994,494.6639099121094,347.9274597167969,514.7308959960938,390.3614501953125
259,1074,818.9972534179688,436.2055358886719,845.9284057617188,509.2514343261719
259,994,494.1356201171875,348.2342529296875,514.9812622070312,392.3192138671875
260,1074,819.8053588867188,436.059814453125,847.1820068359375,509.5090026855469
260,994,494.3668212890625,349.6844787597656,515.0740966796875,393.50933837890625
261,1074,819.0977783203125,436.27740478515625,847.1101684570312,510.2817077636719
261,994,493.75799560546875,348.9916076660156,514.9954223632812,393.9605712890625
261,1185,655.8406372070312,337.2364196777344,671.720703125,385.1394958496094
262,1074,819.1727294921875,436.73431396484375,847.3452758789062,510.15252685546875
262,994,493.4132080078125,348.8532409667969,514.8229370117188,394.1375732421875
262,1192,669.4732055664062,336.1058654785156,685.7623291015625,385.0951232910156
263,1074,819.6931762695312,438.3846435546875,848.3211059570312,511.9696044921875
263,994,493.5173645019531,348.3598937988281,515.1654052734375,394.1472473144531
263,1193,685.0153198242188,334.60052490234375,700.5841674804688,384.5987243652344
264,1074,818.4815063476562,441.5141296386719,847.04931640625,514.5482788085938
264,994,493.6785888671875,348.3299255371094,515.38916015625,394.2057189941406
265,1074,818.6163940429688,444.0213928222656,847.6639404296875,518.388671875
265,994,493.5960388183594,348.0903625488281,515.4817504882812,394.31500244140625
266,1074,817.5419921875,446.7713317871094,846.7817993164062,522.2811889648438
266,994,493.6697998046875,348.43798828125,515.6226806640625,394.9765319824219
266,1193,680.8290405273438,329.703125,694.964111328125,374.8533935546875
267,1074,817.5894165039062,449.9879150390625,846.0440063476562,523.6669311523438
267,994,493.55816650390625,347.78851318359375,515.7344360351562,394.76715087890625
267,1216,733.4052124023438,327.92596435546875,747.7413330078125,375.7043151855469
268,994,493.46136474609375,348.0072937011719,515.5496826171875,394.825927734375
269,994,493.3628234863281,348.205322265625,515.3749389648438,394.8654479980469
270,994,493.4909362792969,348.3657531738281,515.4851684570312,394.97149658203125
271,-1,365.826416015625,378.2251892089844,381.050048828125,425.4687805175781
271,-1,473.98358154296875,374.6926574707031,496.32049560546875,420.1898498535156
271,-1,791.5501098632812,322.991943359375,805.5117797851562,365.3345947265625
271,-1,447.92559814453125,344.27655029296875,464.26055908203125,383.51214599609375
271,-1,496.9674072265625,348.95123291015625,515.0272216796875,375.16705322265625
272,-1,789.488037109375,319.1547546386719,802.697265625,366.7033386230469
272,-1,801.6849365234375,319.5941162109375,817.1148681640625,368.3536376953125
272,-1,805.9676513671875,318.20892333984375,820.0513916015625,366.85968017578125
272,-1,448.86712646484375,345.0257263183594,465.804443359375,383.5389099121094
272,-1,791.863037109375,319.7279968261719,804.91357421875,367.2992858886719
272,-1,465.43121337890625,351.9244689941406,480.70574951171875,382.2958068847656
272,-1,494.02203369140625,348.7432861328125,514.5923461914062,388.533935546875
272,-1,786.3820190429688,481.47174072265625,808.8690795898438,556.6566772460938
272,-1,403.61090087890625,366.83935546875,419.57342529296875,422.779052734375
273,1243,799.5824584960938,319.42742919921875,814.2152709960938,365.66546630859375
273,994,494.0194091796875,349.17645263671875,515.223876953125,393.9281921386719
274,1248,811.9406127929688,318.7614440917969,825.7495727539062,362.8435363769531
274,1249,736.372314453125,485.9598693847656,754.693115234375,548.9364013671875
274,994,493.92608642578125,349.2909240722656,515.2788696289062,394.65020751953125
275,994,492.9173583984375,348.4070129394531,514.9006958007812,395.3135986328125
275,1252,819.2573852539062,317.80517578125,839.7899169921875,363.8647766113281
275,1253,717.2717895507812,492.2453918457031,740.8021850585938,565.9346923828125
276,994,493.6832580566406,347.6748352050781,515.1726684570312,393.6402587890625
276,1255,833.747802734375,316.26873779296875,850.1580200195312,361.2958679199219
277,994,494.14337158203125,347.1263122558594,515.8760986328125,393.7147521972656
277,1259,845.3965454101562,316.1025085449219,860.6634521484375,359.42108154296875
278,994,494.4005432128906,347.60955810546875,515.9754028320312,394.01495361328125
278,1266,636.58056640625,507.42327880859375,670.2348022460938,594.7291870117188
279,994,494.20263671875,347.8746032714844,515.7832641601562,394.3139953613281
279,1266,626.1398315429688,511.9053039550781,659.0147705078125,597.2557373046875
280,994,493.8327941894531,347.1458740234375,515.7296142578125,394.38580322265625
280,1266,610.728759765625,520.8310546875,645.6388549804688,611.0980834960938
280,1192,665.3054809570312,354.4118957519531,682.4019165039062,405.8221435546875
281,994,493.5948486328125,347.30438232421875,515.35107421875,394.303955078125
281,1266,604.68017578125,533.71044921875,639.292236328125,623.7258911132812
282,994,493.711181640625,347.472900390625,515.2999877929688,394.02374267578125
282,1266,590.5114135742188,545.7420654296875,626.0374145507812,638.445556640625
283,994,493.8859558105469,346.31646728515625,515.8350830078125,393.68597412109375
283,1266,570.8864135742188,558.7960815429688,607.4966430664062,654.5136108398438
284,994,493.69158935546875,346.29022216796875,515.5639038085938,393.35577392578125
284,1266,550.8546752929688,573.9447631835938,588.3292236328125,671.8418579101562
284,1319,457.8657531738281,593.013916015625,494.91168212890625,694.0928344726562
284,1252,818.251220703125,331.6583251953125,839.4066162109375,380.3853454589844
285,994,493.5501403808594,346.579345703125,515.2509765625,393.21990966796875
285,1266,531.2078857421875,588.2667846679688,570.4306640625,690.4503173828125
285,1252,812.6377563476562,335.53076171875,834.2072143554688,386.1461181640625
286,994,494.0872802734375,347.1974182128906,515.3890380859375,392.98614501953125
286,1266,515.0975952148438,604.0772094726562,556.1262817382812,711.9190673828125
286,1243,800.1602172851562,337.55487060546875,813.8165283203125,379.8852844238281
287,994,494.66973876953125,347.0188293457031,515.9821166992188,393.1758728027344
287,1266,499.9518737792969,620.439697265625,541.05029296875,729.2450561523438
287,1349,401.8463134765625,643.5026245117188,451.28521728515625,752.103759765625
288,994,495.603271484375,345.2976379394531,516.3469848632812,390.7085876464844
288,1266,485.1502685546875,636.9043579101562,528.4727172851562,752.0722045898438
288,1349,398.78912353515625,655.9180297851562,447.9023742675781,764.2766723632812
288,1351,531.9337158203125,654.3136596679688,572.12548828125,766.5172119140625
289,994,494.1468505859375,346.349609375,515.7295532226562,393.52392578125
289,1266,471.9334411621094,657.6557006835938,516.632080078125,777.124755859375
289,1349,385.5162353515625,671.3228149414062,437.08294677734375,785.7220458984375
289,1351,520.7711181640625,673.3082885742188,562.3712158203125,789.4431762695312
290,994,494.2032165527344,347.4483947753906,515.6085815429688,394.07574462890625
290,1266,455.2793884277344,679.38720703125,501.5150146484375,803.7277221679688
290,1349,369.4634094238281,696.3257446289062,421.90771484375,813.7232666015625
290,1351,507.82666015625,695.222412109375,550.369873046875,813.7442626953125
291,994,494.1105041503906,348.605224609375,515.0950317382812,394.2344055175781
291,1266,436.3141784667969,703.5294189453125,483.212158203125,830.060302734375
291,1349,355.776123046875,723.8161010742188,411.8863525390625,850.7205810546875
291,1351,500.3843688964844,718.285888671875,545.405517578125,844.50146484375
291,1375,702.6762084960938,352.7916564941406,718.9578247070312,398.3309326171875
292,994,494.0342102050781,348.2297058105469,515.474609375,394.6891174316406
292,1266,418.9045104980469,729.4744873046875,466.1371154785156,854.5820922851562
292,1349,341.4282531738281,749.9462280273438,397.39617919921875,877.0400390625
292,1351,487.2347412109375,746.7803955078125,529.2847290039062,863.6895751953125
292,1378,679.6357421875,355.80322265625,696.078857421875,400.9996032714844
292,1192,661.5314331054688,356.5041809082031,676.3829956054688,398.9495849609375
293,994,493.9216003417969,347.7947692871094,515.5120849609375,394.40301513671875
293,1266,401.5480041503906,756.8247680664062,451.0590515136719,888.2850341796875
293,1349,321.4327697753906,778.6401977539062,379.58880615234375,911.3378295898438
293,1351,463.1431884765625,777.3424682617188,511.0425109863281,910.29736328125
293,1192,658.2361450195312,354.9401550292969,674.1070556640625,400.9936218261719
294,994,493.8907165527344,347.80426025390625,515.69580078125,394.6865234375
294,1266,380.8211669921875,788.1622314453125,433.6800231933594,929.1784057617188
294,1349,291.2002258300781,808.5510864257812,350.785400390625,945.0416259765625
294,1351,447.3804931640625,809.56884765625,497.89923095703125,950.7787475585938
295,994,493.6266784667969,348.2984924316406,515.2732543945312,394.63360595703125
295,1266,361.24359130859375,822.1483764648438,415.9009094238281,968.1337280273438
295,1349,269.52716064453125,842.111083984375,332.795166015625,989.231689453125
295,1351,440.4027099609375,842.2691650390625,492.37811279296875,988.9124755859375
296,994,493.77874755859375,348.3146667480469,515.4908447265625,394.67620849609375
296,1266,345.4585876464844,860.40185546875,402.05902099609375,1011.2075805664062
296,1349,251.5659942626953,881.1385498046875,311.3828430175781,1021.2972412109375
296,1351,434.05426025390625,878.7621459960938,485.1885070800781,1021.4256591796875
297,994,492.3805236816406,346.6673889160156,514.3728637695312,394.3443603515625
297,1266,331.651611328125,901.4283447265625,381.86517333984375,1024.0
297,1349,234.6620330810547,928.8037719726562,281.0264587402344,1024.0
297,1351,423.8499755859375,917.7926635742188,467.165771484375,1024.0
298,1266,318.1364440917969,949.975830078125,355.9815368652344,1024.0
298,1351,422.8381652832031,968.054931640625,450.65673828125,1024.0
299,1249,733.319580078125,491.5690612792969,755.5852661132812,570.173583984375
